Country,Code,Year,Illiteracy_rate,Literacy_rate,Population,Illiteracy_Population
Afghanistan,AFG,2011,69.0,31.0,29347708.0,20249918.52
Afghanistan,AFG,2015,66.246155,33.75384,33831767.0,22412244.806058854
Afghanistan,AFG,2021,63.0,37.0,40000410.0,25200258.3
Albania,ALB,2001,1.0,99.0,3147943.0,31479.43
Albania,ALB,2008,4.0,96.0,2992933.0,119717.32
Albania,ALB,2011,3.0,97.0,2911499.0,87344.97
Albania,ALB,2012,3.0,97.0,2910003.0,87300.09
Albania,ALB,2017,1.1837692,98.81623,2898245.0,34308.531650540004
Algeria,DZA,2002,30.0,70.0,31750832.0,9525249.6
Algeria,DZA,2006,27.0,73.0,33623505.0,9078346.350000001
Algeria,DZA,2008,25.0,75.0,34816963.0,8704240.75
Angola,AGO,2001,33.0,67.0,16747204.0,5526577.32
Angola,AGO,2014,34.0,66.0,27160767.0,9234660.780000001
Angola,AGO,2015,33.764137,66.23586,28157802.0,9507238.84346874
Antigua And Barbuda,ATG,2001,1.0,99.0,76082.0,760.82
Argentina,ARG,1991,4.0,96.0,33230293.0,1329211.72
Argentina,ARG,2001,3.0,97.0,37624817.0,1128744.51
Armenia,ARM,2001,1.0,99.0,3084350.0,30843.5
Armenia,ARM,2011,0.0,100.0,2923269.0,0.0
Armenia,ARM,2016,0.0,100.0,2918796.0,0.0
Armenia,ARM,2017,0.0,100.0,2914966.0,0.0
Armenia,ARM,2020,0.0,100.0,2890893.0,0.0
Armenia,ARM,2022,0.17500305,99.825,2880880.0,5041.62786684
Aruba,ABW,2000,3.0,97.0,88772.0,2663.16
Aruba,ABW,2010,3.0,97.0,100127.0,3003.81
Azerbaijan,AZE,1999,1.0,99.0,8100472.0,81004.72
Azerbaijan,AZE,2007,0.0,100.0,8828313.0,0.0
Azerbaijan,AZE,2009,0.0,100.0,9046336.0,0.0
Azerbaijan,AZE,2010,0.0,100.0,9146852.0,0.0
Azerbaijan,AZE,2011,0.0,100.0,9256156.0,0.0
Azerbaijan,AZE,2012,0.0,100.0,9376179.0,0.0
Azerbaijan,AZE,2013,0.0,100.0,9504417.0,0.0
Azerbaijan,AZE,2014,0.0,100.0,9631136.0,0.0
Azerbaijan,AZE,2015,0.0,100.0,9752859.0,0.0
Azerbaijan,AZE,2016,0.0,100.0,9868434.0,0.0
Azerbaijan,AZE,2017,0.0,100.0,9968510.0,0.0
Azerbaijan,AZE,2019,0.0,100.0,10110483.0,0.0
Azerbaijan,AZE,2023,0.0,100.0,10318209.0,0.0
Bahrain,BHR,1991,16.0,84.0,531883.0,85101.28
Bahrain,BHR,2001,13.0,87.0,699964.0,90995.32
Bahrain,BHR,2022,2.0,98.0,1533460.0,30669.2
Bahrain,BHR,2023,2.0,98.0,1569674.0,31393.48
Bangladesh,BGD,1991,65.0,35.0,113787112.0,73961622.8
Bangladesh,BGD,2001,53.0,47.0,136805810.0,72507079.3
Bangladesh,BGD,2011,41.0,59.0,153591074.0,62972340.339999996
Bangladesh,BGD,2012,42.0,58.0,155070110.0,65129446.199999996
Bangladesh,BGD,2013,39.0,61.0,156532134.0,61047532.260000005
Bangladesh,BGD,2014,39.0,61.0,157964931.0,61606323.09
Bangladesh,BGD,2015,35.0,65.0,159383179.0,55784112.65
Bangladesh,BGD,2016,27.0,73.0,160811934.0,43419222.18
Bangladesh,BGD,2017,27.0,73.0,162186146.0,43790259.42
Bangladesh,BGD,2018,26.0,74.0,163523109.0,42516008.34
Bangladesh,BGD,2019,25.0,75.0,164913060.0,41228265.0
Bangladesh,BGD,2020,25.0,75.0,166298024.0,41574506.0
Bangladesh,BGD,2021,24.0,76.0,167658855.0,40238125.199999996
Bangladesh,BGD,2022,21.0,79.0,169384891.0,35570827.11
Belarus,BLR,1999,0.0,100.0,10039221.0,0.0
Belarus,BLR,2009,0.0,100.0,9507334.0,0.0
Belarus,BLR,2019,0.0,100.0,9435415.0,0.0
Belize,BLZ,1991,30.0,70.0,187056.0,56116.799999999996
Belize,BLZ,2015,9.0839615,90.91604,356341.0,32369.879248714995
Benin,BEN,1992,73.0,27.0,5617847.0,4101028.31
Benin,BEN,2002,65.0,35.0,7675430.0,4989029.5
Benin,BEN,2017,61.12879,38.87121,12039777.0,7359769.9987983
Benin,BEN,2019,51.00172,48.99828,12726760.0,6490866.500271999
Benin,BEN,2021,56.16583,43.83417,13413423.0,7533760.359360899
Benin,BEN,2022,48.62123,51.37877,13759507.0,6690041.5453361
Bhutan,BTN,2005,47.0,53.0,661875.0,311081.25
Bhutan,BTN,2012,45.0,55.0,717288.0,322779.60000000003
Bhutan,BTN,2017,33.0,67.0,754343.0,248933.19
Bolivia,BOL,1992,20.0,80.0,7430337.0,1486067.4000000001
Bolivia,BOL,2001,13.0,87.0,8752740.0,1137856.2
Bolivia,BOL,2007,9.0,91.0,9685960.0,871736.4
Bolivia,BOL,2008,9.0,91.0,9850859.0,886577.3099999999
Bolivia,BOL,2009,9.0,91.0,10016279.0,901465.11
Bolivia,BOL,2011,8.0,92.0,10348931.0,827914.48
Bolivia,BOL,2012,6.0,94.0,10515814.0,630948.84
Bolivia,BOL,2015,8.0,92.0,11014707.0,881176.56
Bolivia,BOL,2020,6.0,94.0,11816301.0,708978.0599999999
Bosnia And Herzegovina,BIH,1991,11.0,89.0,4458350.0,490418.5
Bosnia And Herzegovina,BIH,2000,3.0,97.0,4159785.0,124793.54999999999
Bosnia And Herzegovina,BIH,2013,3.0,97.0,3610857.0,108325.70999999999
Botswana,BWA,1991,31.0,69.0,1341767.0,415947.77
Botswana,BWA,2003,19.0,81.0,1775744.0,337391.36
Brazil,BRA,2000,14.0,86.0,174018278.0,24362558.92
Brazil,BRA,2004,11.0,89.0,182675144.0,20094265.84
Brazil,BRA,2006,10.0,90.0,186653099.0,18665309.900000002
Brazil,BRA,2007,10.0,90.0,188552311.0,18855231.1
Brazil,BRA,2008,10.0,90.0,190367297.0,19036729.7
Brazil,BRA,2009,10.0,90.0,192079958.0,19207995.8
Brazil,BRA,2010,10.0,90.0,193701931.0,19370193.1
Brazil,BRA,2011,9.0,91.0,195284736.0,17575626.24
Brazil,BRA,2012,9.0,91.0,196876113.0,17718850.169999998
Brazil,BRA,2013,9.0,91.0,198478290.0,17863046.099999998
Brazil,BRA,2014,8.0,92.0,200085126.0,16006810.08
Brazil,BRA,2015,8.0,92.0,201675534.0,16134042.72
Brazil,BRA,2016,7.0,93.0,203218108.0,14225267.56
Brazil,BRA,2017,7.0,93.0,204703440.0,14329240.8
Brazil,BRA,2018,7.0,93.0,206107265.0,14427508.55
Brunei,BRN,1991,12.0,88.0,262604.0,31512.48
Brunei,BRN,2001,7.0,93.0,333353.0,23334.710000000003
Brunei,BRN,2011,4.0,96.0,399395.0,15975.800000000001
Bulgaria,BGR,2001,2.0,98.0,7928455.0,158569.1
Bulgaria,BGR,2011,2.0,98.0,7380023.0,147600.46
Burkina Faso,BFA,1991,86.0,14.0,9394631.0,8079382.66
Burkina Faso,BFA,1996,87.0,13.0,10655943.0,9270670.41
Burkina Faso,BFA,2003,78.0,22.0,13082530.0,10204373.4
Burkina Faso,BFA,2005,76.0,24.0,13932127.0,10588416.52
Burkina Faso,BFA,2006,78.0,22.0,14373713.0,11211496.14
Burkina Faso,BFA,2007,72.0,28.0,14816313.0,10667745.36
Burkina Faso,BFA,2014,65.0,35.0,18229466.0,11849152.9
Burkina Faso,BFA,2018,61.0,39.0,20438289.0,12467356.29
Burkina Faso,BFA,2019,70.0,30.0,20961956.0,14673369.2
Burkina Faso,BFA,2021,63.03262,36.96738,21995249.0,13864181.720223801
Burkina Faso,BFA,2022,59.07639,40.92361,22509038.0,13297527.0741282
Burundi,BDI,1990,63.0,37.0,5587051.0,3519842.13
Burundi,BDI,2000,41.0,59.0,6470196.0,2652780.36
Burundi,BDI,2008,52.0,48.0,8505643.0,4422934.36
Burundi,BDI,2014,38.0,62.0,10799789.0,4103919.82
Burundi,BDI,2016,34.312263,65.68774,11239459.0,3856512.7318571704
Burundi,BDI,2017,32.0,68.0,11506764.0,3682164.48
Cambodia,KHM,1998,33.0,67.0,12058180.0,3979199.4000000004
Cambodia,KHM,2004,26.0,74.0,13244737.0,3443631.62
Cambodia,KHM,2008,23.0,77.0,14053479.0,3232300.17
Cambodia,KHM,2009,24.0,76.0,14276819.0,3426436.56
Cambodia,KHM,2014,22.0,78.0,15396771.0,3387289.62
Cambodia,KHM,2015,19.0,81.0,15623253.0,2968418.07
Cambodia,KHM,2021,28.072746,71.92725,16974309.0,4765154.65082514
Cameroon,CMR,2000,32.0,68.0,14912632.0,4772042.24
Cameroon,CMR,2007,29.0,71.0,18049897.0,5234470.13
Cameroon,CMR,2010,29.0,71.0,19668063.0,5703738.27
Cameroon,CMR,2018,27.452873,72.54713,24806377.0,6810063.17371121
Cape Verde,CPV,1990,37.0,63.0,375437.0,138911.69
Cape Verde,CPV,2012,15.0,85.0,511966.0,76794.9
Cape Verde,CPV,2015,13.0,87.0,512405.0,66612.65000000001
Cayman Islands,CYM,2007,1.0,99.0,49709.0,497.09000000000003
Central African Republic,CAF,2000,49.0,51.0,3833421.0,1878376.29
Central African Republic,CAF,2019,57.55721,42.44279,4944708.0,2846035.9674468003
Central And Southern Asia (Sdg),OWID_WRL,1990,51.67884,48.32116,12687083.0,6556537.3242372
Central And Southern Asia (Sdg),OWID_WRL,1991,50.94008,49.05992,12687083.0,6462810.229866399
Central And Southern Asia (Sdg),OWID_WRL,1992,49.97537,50.02463,12687083.0,6340416.6714571
Central And Southern Asia (Sdg),OWID_WRL,1993,49.03544,50.96456,12687083.0,6221166.9722152
Central And Southern Asia (Sdg),OWID_WRL,1994,48.34252,51.65748,12687083.0,6133255.6366916
Central And Southern Asia (Sdg),OWID_WRL,1995,47.51132,52.48868,12687083.0,6027800.602795599
Central And Southern Asia (Sdg),OWID_WRL,1996,46.72254,53.27746,12687083.0,5927727.4295082
Central And Southern Asia (Sdg),OWID_WRL,1997,45.93668,54.06332,12687083.0,5828024.7190444
Central And Southern Asia (Sdg),OWID_WRL,1998,41.46195,58.53805,12687083.0,5260312.009918501
Central And Southern Asia (Sdg),OWID_WRL,1999,40.68157,59.31843,12687083.0,5161304.5516031
Central And Southern Asia (Sdg),OWID_WRL,2000,39.91697,60.08303,12687083.0,5064299.1149851
Central And Southern Asia (Sdg),OWID_WRL,2001,39.15662,60.84338,12687083.0,4967832.879394599
Central And Southern Asia (Sdg),OWID_WRL,2002,38.37295,61.62705,12687083.0,4868408.0160485
Central And Southern Asia (Sdg),OWID_WRL,2003,37.48693,62.51307,12687083.0,4755997.9232519
Central And Southern Asia (Sdg),OWID_WRL,2004,36.71899,63.28101,12687083.0,4658568.738061699
Central And Southern Asia (Sdg),OWID_WRL,2005,36.85484,63.14516,12687083.0,4675804.140317201
Central And Southern Asia (Sdg),OWID_WRL,2006,36.71201,63.28799,12687083.0,4657683.1796683
Central And Southern Asia (Sdg),OWID_WRL,2007,35.90345,64.09655,12687083.0,4555100.5013635
Central And Southern Asia (Sdg),OWID_WRL,2008,34.842873,65.15713,12687083.0,4420544.21709459
Central And Southern Asia (Sdg),OWID_WRL,2009,34.017853,65.98215,12687083.0,4315873.24492799
Central And Southern Asia (Sdg),OWID_WRL,2010,31.647186,68.35281,12687083.0,4015104.7549843797
Central And Southern Asia (Sdg),OWID_WRL,2011,31.269592,68.73041,12687083.0,3967199.09080136
Central And Southern Asia (Sdg),OWID_WRL,2012,31.218872,68.78113,12687083.0,3960764.20230376
Central And Southern Asia (Sdg),OWID_WRL,2013,30.27993,69.72007,12687083.0,3841639.8514419
Central And Southern Asia (Sdg),OWID_WRL,2014,29.598183,70.40182,12687083.0,3755146.04370189
Central And Southern Asia (Sdg),OWID_WRL,2015,28.368553,71.63145,12687083.0,3599141.8650089893
Central And Southern Asia (Sdg),OWID_WRL,2016,27.148666,72.85133,12687083.0,3444373.78881278
Central And Southern Asia (Sdg),OWID_WRL,2017,26.62413,73.37587,12687083.0,3377825.4711279003
Central And Southern Asia (Sdg),OWID_WRL,2018,26.134789,73.86521,12687083.0,3315742.3723048703
Central And Southern Asia (Sdg),OWID_WRL,2019,26.335068,73.66493,12687083.0,3341151.9352664403
Central And Southern Asia (Sdg),OWID_WRL,2020,25.667587,74.33241,12687083.0,3256468.0667872103
Central And Southern Asia (Sdg),OWID_WRL,2021,24.928017,75.07198,12687083.0,3162638.20704411
Central And Southern Asia (Sdg),OWID_WRL,2022,24.187248,75.81275,12687083.0,3068656.22917584
Central And Southern Asia (Sdg),OWID_WRL,2023,23.485687,76.51431,12687083.0,2979648.60281021
Chad,TCD,1993,89.0,11.0,6629147.0,5899940.83
Chad,TCD,2000,74.0,26.0,8512092.0,6298948.08
Chad,TCD,2004,72.0,28.0,9920036.0,7142425.92
Chad,TCD,2016,78.0,22.0,15114652.0,11789428.56
Chad,TCD,2019,69.37208,30.62792,16685223.0,11574886.247738399
Chile,CHL,1992,6.0,94.0,13884579.0,833074.74
Chile,CHL,2002,4.0,96.0,15857926.0,634317.04
Chile,CHL,2011,3.0,97.0,17351810.0,520554.3
Chile,CHL,2013,4.0,96.0,17687006.0,707480.24
Chile,CHL,2015,3.0,97.0,18047630.0,541428.9
Chile,CHL,2017,4.0,96.0,18558868.0,742354.72
China,CHN,1990,22.0,78.0,1153582725.0,253788199.5
China,CHN,2000,9.0,91.0,1269581174.0,114262305.66
China,CHN,2010,5.0,95.0,1351561505.0,67578075.25
China,CHN,2020,3.0,97.0,1426106093.0,42783182.79
Colombia,COL,1993,9.0,91.0,34441479.0,3099733.11
Colombia,COL,1996,9.0,91.0,36462740.0,3281646.6
Colombia,COL,2004,7.0,93.0,41543177.0,2908022.39
Colombia,COL,2005,7.0,93.0,42128978.0,2949028.4600000004
Colombia,COL,2006,8.0,92.0,42691081.0,3415286.48
Colombia,COL,2007,7.0,93.0,43235374.0,3026476.18
Colombia,COL,2008,7.0,93.0,43758805.0,3063116.35
Colombia,COL,2009,7.0,93.0,44271543.0,3099008.0100000002
Colombia,COL,2010,7.0,93.0,44777325.0,3134412.7500000005
Colombia,COL,2011,6.0,94.0,45259614.0,2715576.84
Colombia,COL,2014,6.0,94.0,46565426.0,2793925.56
Colombia,COL,2015,6.0,94.0,46969938.0,2818196.28
Colombia,COL,2016,5.0,95.0,47437513.0,2371875.65
Colombia,COL,2018,5.0,95.0,49024463.0,2451223.15
Colombia,COL,2019,5.0,95.0,49907987.0,2495399.35
Colombia,COL,2020,4.0,96.0,50629997.0,2025199.8800000001
Comoros,COM,2000,32.0,68.0,536084.0,171546.88
Congo,COG,2005,24.0,76.0,3696399.0,887135.76
Costa Rica,CRI,2000,5.0,95.0,3937737.0,196886.85
Costa Rica,CRI,2011,3.0,97.0,4609834.0,138295.02
Cote D'Ivoire,CIV,1998,64.0,36.0,16663948.0,10664926.72
Cote D'Ivoire,CIV,2000,51.0,49.0,17699007.0,9026493.57
Cote D'Ivoire,CIV,2014,56.0,44.0,24527393.0,13735340.080000002
Cote D'Ivoire,CIV,2016,49.96032,50.03968,25989404.0,12984389.404492801
Cote D'Ivoire,CIV,2021,49.99936,50.00064,29639737.0,14819678.805683201
Croatia,HRV,1991,3.0,97.0,4825159.0,144754.77
Croatia,HRV,2001,2.0,98.0,4301079.0,86021.58
Cuba,CUB,2002,0.0,100.0,12687083.0,0.0
Cuba,CUB,2012,0.0,100.0,12687083.0,0.0
Cuba,CUB,2019,2.3450928,97.65491,12687083.0,297523.86996302404
Cyprus,CYP,1992,6.0,94.0,810344.0,48620.64
Cyprus,CYP,2001,3.0,97.0,964129.0,28923.87
Cyprus,CYP,2011,1.0,99.0,1146493.0,11464.93
Democratic Republic Of Congo,COD,2001,33.0,67.0,52132646.0,17203773.18
Democratic Republic Of Congo,COD,2012,25.0,75.0,73254623.0,18313655.75
Democratic Republic Of Congo,COD,2016,23.0,77.0,83956416.0,19309975.68
Democratic Republic Of Congo,COD,2018,26.446968,73.55303,90047647.0,23814872.38684296
Dominican Republic,DOM,2002,13.0,87.0,8852231.0,1150790.03
Dominican Republic,DOM,2007,12.0,88.0,9455663.0,1134679.56
Dominican Republic,DOM,2010,10.0,90.0,9820180.0,982018.0
Dominican Republic,DOM,2011,10.0,90.0,9945623.0,994562.3
Dominican Republic,DOM,2012,10.0,90.0,10070409.0,1007040.9
Dominican Republic,DOM,2013,9.0,91.0,10193838.0,917445.4199999999
Dominican Republic,DOM,2014,8.0,92.0,10315523.0,825241.84
Dominican Republic,DOM,2015,8.0,92.0,10434826.0,834786.0800000001
Dominican Republic,DOM,2016,6.0,94.0,10551430.0,633085.7999999999
East Asia And Pacific (Wb),WB_EAP,1990,18.829239,81.17076,12687083.0,2388881.18019837
East Asia And Pacific (Wb),WB_EAP,1991,18.288834,81.71117,12687083.0,2320319.54931222
East Asia And Pacific (Wb),WB_EAP,1992,17.776428,82.22357,12687083.0,2255310.17479524
East Asia And Pacific (Wb),WB_EAP,1993,17.310158,82.68984,12687083.0,2196154.11289114
East Asia And Pacific (Wb),WB_EAP,1994,16.75531,83.24469,12687083.0,2125760.0866073
East Asia And Pacific (Wb),WB_EAP,1995,16.195702,83.8043,12687083.0,2054762.15517266
East Asia And Pacific (Wb),WB_EAP,1996,15.709953,84.29005,12687083.0,1993134.77637099
East Asia And Pacific (Wb),WB_EAP,1997,10.722511,89.27749,12687083.0,1360373.87025413
East Asia And Pacific (Wb),WB_EAP,1998,10.357094,89.64291,12687083.0,1314013.11216802
East Asia And Pacific (Wb),WB_EAP,1999,10.039719,89.96028,12687083.0,1273747.4824967699
East Asia And Pacific (Wb),WB_EAP,2000,9.678146,90.32185,12687083.0,1227874.41588118
East Asia And Pacific (Wb),WB_EAP,2001,9.364357,90.63564,12687083.0,1188063.74500631
East Asia And Pacific (Wb),WB_EAP,2002,9.010178,90.98982,12687083.0,1143128.76130774
East Asia And Pacific (Wb),WB_EAP,2003,8.638557,91.36144,12687083.0,1095980.8965923102
East Asia And Pacific (Wb),WB_EAP,2004,8.305519,91.69448,12687083.0,1053728.08911077
East Asia And Pacific (Wb),WB_EAP,2005,7.9703903,92.02961,12687083.0,1011210.032784949
East Asia And Pacific (Wb),WB_EAP,2006,7.6208115,92.37919,12687083.0,966858.6802785451
East Asia And Pacific (Wb),WB_EAP,2007,6.487503,93.5125,12687083.0,823074.89023749
East Asia And Pacific (Wb),WB_EAP,2008,6.1838226,93.81618,12687083.0,784546.705834758
East Asia And Pacific (Wb),WB_EAP,2009,5.914818,94.08518,12687083.0,750417.86895894
East Asia And Pacific (Wb),WB_EAP,2010,5.7998276,94.20017,12687083.0,735828.941468908
East Asia And Pacific (Wb),WB_EAP,2011,6.135399,93.8646,12687083.0,778403.16351117
East Asia And Pacific (Wb),WB_EAP,2012,5.9049835,94.09502,12687083.0,749170.157781305
East Asia And Pacific (Wb),WB_EAP,2013,5.793068,94.20693,12687083.0,734971.34540644
East Asia And Pacific (Wb),WB_EAP,2014,5.2887573,94.71124,12687083.0,670989.0283195591
East Asia And Pacific (Wb),WB_EAP,2015,5.0720825,94.92792,12687083.0,643499.316603475
East Asia And Pacific (Wb),WB_EAP,2016,4.868042,95.13196,12687083.0,617612.52901486
East Asia And Pacific (Wb),WB_EAP,2017,4.6769485,95.32305,12687083.0,593368.338062255
East Asia And Pacific (Wb),WB_EAP,2018,4.6305695,95.36943,12687083.0,587484.195837685
East Asia And Pacific (Wb),WB_EAP,2019,4.193123,95.80688,12687083.0,531984.99530209
East Asia And Pacific (Wb),WB_EAP,2020,3.9712982,96.0287,12687083.0,503841.898811506
East Asia And Pacific (Wb),WB_EAP,2021,3.8350677,96.16493,12687083.0,486558.222205191
East Asia And Pacific (Wb),WB_EAP,2022,3.6990738,96.30093,12687083.0,469304.5632372539
East Asia And Pacific (Wb),WB_EAP,2023,3.5695114,96.43049,12687083.0,452866.874012462
East Timor,TLS,2001,62.0,38.0,812253.0,503596.86
East Timor,TLS,2007,49.0,51.0,1004898.0,492400.02
East Timor,TLS,2010,42.0,58.0,1084688.0,455568.95999999996
East Timor,TLS,2016,34.22087,65.77913,1228314.0,420339.7371318
Eastern And South-Eastern Asia (Sdg),OWID_WRL,1990,18.81636,81.18364,12687083.0,2387247.2107788
Eastern And South-Eastern Asia (Sdg),OWID_WRL,1991,18.269188,81.73081,12687083.0,2317827.04498604
Eastern And South-Eastern Asia (Sdg),OWID_WRL,1992,17.750427,82.24957,12687083.0,2252011.40634441
Eastern And South-Eastern Asia (Sdg),OWID_WRL,1993,17.278267,82.72173,12687083.0,2192108.07525161
Eastern And South-Eastern Asia (Sdg),OWID_WRL,1994,16.71614,83.28386,12687083.0,2120790.5561961997
Eastern And South-Eastern Asia (Sdg),OWID_WRL,1995,16.149208,83.85079,12687083.0,2048863.4228026401
Eastern And South-Eastern Asia (Sdg),OWID_WRL,1996,15.659859,84.34014,12687083.0,1986779.3090129702
Eastern And South-Eastern Asia (Sdg),OWID_WRL,1997,10.600128,89.39987,12687083.0,1344847.03746624
Eastern And South-Eastern Asia (Sdg),OWID_WRL,1998,10.2328415,89.76716,12687083.0,1298249.094363445
Eastern And South-Eastern Asia (Sdg),OWID_WRL,1999,9.9135895,90.08641,12687083.0,1257745.3281442851
Eastern And South-Eastern Asia (Sdg),OWID_WRL,2000,9.54808,90.45192,12687083.0,1211372.8345064002
Eastern And South-Eastern Asia (Sdg),OWID_WRL,2001,9.231987,90.76801,12687083.0,1171269.85323921
Eastern And South-Eastern Asia (Sdg),OWID_WRL,2002,8.875252,91.12475,12687083.0,1126010.58769916
Eastern And South-Eastern Asia (Sdg),OWID_WRL,2003,8.500458,91.49954,12687083.0,1078460.16184014
Eastern And South-Eastern Asia (Sdg),OWID_WRL,2004,8.165031,91.83497,12687083.0,1035904.2599457301
Eastern And South-Eastern Asia (Sdg),OWID_WRL,2005,7.826912,92.17309,12687083.0,993006.8217769599
Eastern And South-Eastern Asia (Sdg),OWID_WRL,2006,7.474037,92.52596,12687083.0,948237.27764071
Eastern And South-Eastern Asia (Sdg),OWID_WRL,2007,6.324478,93.67552,12687083.0,802391.77317674
Eastern And South-Eastern Asia (Sdg),OWID_WRL,2008,6.017021,93.98298,12687083.0,763384.4483974299
Eastern And South-Eastern Asia (Sdg),OWID_WRL,2009,5.744461,94.25554,12687083.0,728804.53497263
Eastern And South-Eastern Asia (Sdg),OWID_WRL,2010,5.629059,94.37094,12687083.0,714163.38744897
Eastern And South-Eastern Asia (Sdg),OWID_WRL,2011,5.969116,94.03088,12687083.0,757306.70128628
Eastern And South-Eastern Asia (Sdg),OWID_WRL,2012,5.7337875,94.26621,12687083.0,727450.379168625
Eastern And South-Eastern Asia (Sdg),OWID_WRL,2013,5.618782,94.38122,12687083.0,712859.5359290601
Eastern And South-Eastern Asia (Sdg),OWID_WRL,2014,5.101639,94.89836,12687083.0,647249.17429037
Eastern And South-Eastern Asia (Sdg),OWID_WRL,2015,4.876549,95.12345,12687083.0,618691.81916567
Eastern And South-Eastern Asia (Sdg),OWID_WRL,2016,4.667053,95.33295,12687083.0,592112.88776399
Eastern And South-Eastern Asia (Sdg),OWID_WRL,2017,4.4703674,95.52963,12687083.0,567159.222442942
Eastern And South-Eastern Asia (Sdg),OWID_WRL,2018,4.4209137,95.57909,12687083.0,560884.9904773709
Eastern And South-Eastern Asia (Sdg),OWID_WRL,2019,3.9734497,96.02655,12687083.0,504114.861402251
Eastern And South-Eastern Asia (Sdg),OWID_WRL,2020,3.7453766,96.25462,12687083.0,475179.03790457797
Eastern And South-Eastern Asia (Sdg),OWID_WRL,2021,3.6060562,96.39394,12687083.0,457503.34312064596
Eastern And South-Eastern Asia (Sdg),OWID_WRL,2022,3.4645462,96.53545,12687083.0,439549.85196734604
Eastern And South-Eastern Asia (Sdg),OWID_WRL,2023,3.3294983,96.6705,12687083.0,422416.212804589
Ecuador,ECU,1990,12.0,88.0,10473674.0,1256840.88
Ecuador,ECU,2001,9.0,91.0,12910736.0,1161966.24
Ecuador,ECU,2007,8.0,92.0,14328783.0,1146302.6400000001
Ecuador,ECU,2008,8.0,92.0,14575201.0,1166016.08
Ecuador,ECU,2009,8.0,92.0,14825960.0,1186076.8
Ecuador,ECU,2010,8.0,92.0,15076697.0,1206135.76
Ecuador,ECU,2011,8.0,92.0,15326232.0,1226098.56
Ecuador,ECU,2012,8.0,92.0,15572195.0,1245775.6
Ecuador,ECU,2013,7.0,93.0,15807132.0,1106499.24
Ecuador,ECU,2014,6.0,94.0,16035127.0,962107.62
Ecuador,ECU,2015,6.0,94.0,16266229.0,975973.74
Ecuador,ECU,2016,6.0,94.0,16505142.0,990308.52
Ecuador,ECU,2017,7.0,93.0,16759515.0,1173166.05
Ecuador,ECU,2020,6.0,94.0,17546058.0,1052763.48
Ecuador,ECU,2021,6.0,94.0,17682454.0,1060947.24
Ecuador,ECU,2022,6.0,94.0,17823900.0,1069434.0
Egypt,EGY,1996,44.0,56.0,67028045.0,29492339.8
Egypt,EGY,2005,33.0,67.0,81101012.0,26763333.96
Egypt,EGY,2006,34.0,66.0,82700404.0,28118137.360000003
Egypt,EGY,2010,28.0,72.0,89196073.0,24974900.44
Egypt,EGY,2012,26.0,74.0,93161000.0,24221860.0
Egypt,EGY,2013,28.0,72.0,95333551.0,26693394.28
Egypt,EGY,2017,29.0,71.0,103696055.0,30071855.95
El Salvador,SLV,1992,26.0,74.0,5585611.0,1452258.86
El Salvador,SLV,2006,16.0,84.0,6002321.0,960371.36
El Salvador,SLV,2007,18.0,82.0,6009820.0,1081767.5999999999
El Salvador,SLV,2008,16.0,84.0,6029302.0,964688.3200000001
El Salvador,SLV,2009,16.0,84.0,6048284.0,967725.4400000001
El Salvador,SLV,2010,16.0,84.0,6068253.0,970920.48
El Salvador,SLV,2011,15.0,85.0,6090128.0,913519.2
El Salvador,SLV,2013,13.0,87.0,6138845.0,798049.85
El Salvador,SLV,2015,12.0,88.0,6183675.0,742041.0
El Salvador,SLV,2016,12.0,88.0,6200808.0,744096.96
El Salvador,SLV,2017,12.0,88.0,6213538.0,745624.5599999999
El Salvador,SLV,2018,11.0,89.0,6219803.0,684178.33
El Salvador,SLV,2019,11.0,89.0,6222316.0,684454.76
El Salvador,SLV,2020,10.0,90.0,6234679.0,623467.9
El Salvador,SLV,2023,10.0,90.0,6309629.0,630962.9
Equatorial Guinea,GNQ,2000,12.0,88.0,703287.0,84394.44
Eritrea,ERI,2002,47.0,53.0,12687083.0,5962929.01
Eritrea,ERI,2008,35.0,65.0,12687083.0,4440479.05
Estonia,EST,2000,0.0,100.0,1397001.0,0.0
Estonia,EST,2011,0.0,100.0,1327366.0,0.0
Eswatini,SWZ,2000,18.0,82.0,1041428.0,187457.03999999998
Eswatini,SWZ,2022,9.252983,90.74702,1218921.0,112786.55291343002
Ethiopia,ETH,1994,73.0,27.0,55611514.0,40596405.22
Ethiopia,ETH,2004,64.0,36.0,76077211.0,48689415.04
Ethiopia,ETH,2007,61.0,39.0,83103218.0,50692962.98
Ethiopia,ETH,2016,52.50841,47.49159,106718163.0,56036010.57250829
Europe And Central Asia (Wb),WB_ECA,1994,4.061943,95.93806,12687083.0,515342.07982269005
Europe And Central Asia (Wb),WB_ECA,1995,3.9324188,96.06758,12687083.0,498909.23706360406
Europe And Central Asia (Wb),WB_ECA,1996,3.7786484,96.22135,12687083.0,479400.25878617197
Europe And Central Asia (Wb),WB_ECA,1997,3.6585999,96.3414,12687083.0,464169.605950917
Europe And Central Asia (Wb),WB_ECA,1998,3.5137634,96.48624,12687083.0,445794.078981622
Europe And Central Asia (Wb),WB_ECA,1999,3.407547,96.59245,12687083.0,432318.31615401007
Europe And Central Asia (Wb),WB_ECA,2000,3.3474808,96.65252,12687083.0,424697.66750506405
Europe And Central Asia (Wb),WB_ECA,2001,3.2472,96.7528,12687083.0,411974.95917600003
Europe And Central Asia (Wb),WB_ECA,2002,3.0888367,96.91116,12687083.0,391883.275863461
Europe And Central Asia (Wb),WB_ECA,2003,2.9948273,97.00517,12687083.0,379956.225257659
Europe And Central Asia (Wb),WB_ECA,2004,2.9087677,97.09123,12687083.0,369037.772376191
Europe And Central Asia (Wb),WB_ECA,2005,2.789833,97.21017,12687083.0,353948.42827139
Europe And Central Asia (Wb),WB_ECA,2006,2.7298431,97.27016,12687083.0,346337.45986677305
Europe And Central Asia (Wb),WB_ECA,2007,2.6482162,97.35178,12687083.0,335981.387313446
Europe And Central Asia (Wb),WB_ECA,2008,2.5267563,97.47324,12687083.0,320571.66898872907
Europe And Central Asia (Wb),WB_ECA,2009,2.2692337,97.73077,12687083.0,287899.562982971
Europe And Central Asia (Wb),WB_ECA,2010,2.1053467,97.89465,12687083.0,267107.08326676104
Europe And Central Asia (Wb),WB_ECA,2011,1.9648438,98.03516,12687083.0,249281.363726354
Europe And Central Asia (Wb),WB_ECA,2012,1.8673401,98.13266,12687083.0,236910.988379283
Europe And Central Asia (Wb),WB_ECA,2013,1.803772,98.19623,12687083.0,228846.05077076
Europe And Central Asia (Wb),WB_ECA,2014,1.7612915,98.23871,12687083.0,223456.51447694498
Europe And Central Asia (Wb),WB_ECA,2015,1.7181473,98.28185,12687083.0,217982.77401325898
Europe And Central Asia (Wb),WB_ECA,2016,1.661087,98.33891,12687083.0,210743.48639221
Europe And Central Asia (Wb),WB_ECA,2017,1.5820236,98.41798,12687083.0,200712.64721158802
Europe And Central Asia (Wb),WB_ECA,2018,1.4982071,98.50179,12687083.0,190078.778288893
Europe And Central Asia (Wb),WB_ECA,2019,1.4359894,98.56401,12687083.0,182185.167049202
Europe And Central Asia (Wb),WB_ECA,2020,1.3961716,98.60383,12687083.0,177133.449714428
Europe And Central Asia (Wb),WB_ECA,2021,1.3537216,98.64628,12687083.0,171747.78298092802
Europe And Central Asia (Wb),WB_ECA,2022,1.3355789,98.66442,12687083.0,169446.003573487
Europe And Central Asia (Wb),WB_ECA,2023,1.3112869,98.68871,12687083.0,166364.057371127
Europe And Northern America (Sdg),OWID_WRL,2003,2.1022034,97.8978,12687083.0,266708.290186822
Europe And Northern America (Sdg),OWID_WRL,2004,2.043869,97.95613,12687083.0,259307.35644126998
Europe And Northern America (Sdg),OWID_WRL,2005,1.9907532,98.00925,12687083.0,252568.510809156
Europe And Northern America (Sdg),OWID_WRL,2006,1.9229965,98.077,12687083.0,243972.16204209503
Europe And Northern America (Sdg),OWID_WRL,2018,1.3839264,98.61607,12687083.0,175579.891026912
Europe And Northern America (Sdg),OWID_WRL,2019,1.3569183,98.64308,12687083.0,172153.350963189
Europe And Northern America (Sdg),OWID_WRL,2020,1.3308792,98.66912,12687083.0,168849.748733736
Europe And Northern America (Sdg),OWID_WRL,2021,1.3043365,98.69566,12687083.0,165482.254354295
Europe And Northern America (Sdg),OWID_WRL,2022,1.2972717,98.70273,12687083.0,164585.937314511
Gabon,GAB,1993,28.0,72.0,1066404.0,298593.12000000005
Gabon,GAB,2021,11.141663,88.85834,2376729.0,264807.13560326997
Gambia,GMB,2000,63.0,37.0,1455095.0,916709.85
Gambia,GMB,2015,49.0,51.0,2224530.0,1090019.7
Gambia,GMB,2018,46.8398,53.1602,2399633.0,1123983.297934
Gambia,GMB,2021,48.3626,51.6374,2576015.0,1245827.83039
Georgia,GEO,2002,0.0,100.0,4127854.0,0.0
Georgia,GEO,2014,0.0,100.0,3792921.0,0.0
Georgia,GEO,2017,1.0,99.0,3792860.0,37928.6
Georgia,GEO,2018,0.34633636,99.65366,3794881.0,13143.0527217316
Georgia,GEO,2022,0.0,100.0,3794782.0,0.0
Georgia,GEO,2023,0.44452667,99.55547,3807494.0,16925.3262886498
Ghana,GHA,2000,42.0,58.0,19637085.0,8247575.699999999
Ghana,GHA,2010,29.0,71.0,25475000.0,7387749.999999999
Ghana,GHA,2017,35.507607,64.49239,30008364.0,10655251.956249481
Ghana,GHA,2021,23.51432,76.48568,32518662.0,7646542.242398401
Greece,GRC,1991,7.0,93.0,10306645.0,721465.15
Greece,GRC,2001,4.0,96.0,10843166.0,433726.64
Greece,GRC,2009,6.0,94.0,11108067.0,666484.02
Guam,GUM,1990,1.0,99.0,12687083.0,126870.83
Guatemala,GTM,1994,36.0,64.0,10043713.0,3615736.6799999997
Guatemala,GTM,2002,31.0,69.0,12246923.0,3796546.13
Guatemala,GTM,2012,22.0,78.0,15089639.0,3319720.58
Guatemala,GTM,2013,23.0,77.0,15387339.0,3539087.97
Guatemala,GTM,2014,19.0,81.0,15681725.0,2979527.75
Guatemala,GTM,2015,19.804909,80.19509,15971745.0,3163189.5629620496
Guatemala,GTM,2018,19.0,81.0,16845688.0,3200680.72
Guatemala,GTM,2022,16.968826,83.03117,17847877.0,3028575.19282402
Guinea,GIN,1996,79.0,21.0,7770035.0,6138327.65
Guinea,GIN,2003,70.0,30.0,8870790.0,6209553.0
Guinea,GIN,2010,75.0,25.0,10396090.0,7797067.5
Guinea,GIN,2014,68.0,32.0,11472921.0,7801586.28
Guinea,GIN,2018,60.0,40.0,12704776.0,7622865.6
Guinea-Bissau,GNB,2000,59.0,41.0,1234747.0,728500.73
Guinea-Bissau,GNB,2019,45.11768,54.88232,1967704.0,887782.3940672
Guinea-Bissau,GNB,2022,36.06587,63.93413,2105535.0,759379.5159044999
Guyana,GUY,2020,14.361649,85.63835,807486.0,115968.30504413998
Haiti,HTI,2003,41.0,59.0,8759913.0,3591564.3299999996
Haiti,HTI,2017,31.990143,68.00986,10817759.0,3460616.57349537
Honduras,HND,2001,20.0,80.0,6757992.0,1351598.4000000001
Honduras,HND,2007,16.0,84.0,7834806.0,1253568.96
Honduras,HND,2010,15.0,85.0,8365881.0,1254882.15
Honduras,HND,2011,15.0,85.0,8540587.0,1281088.05
Honduras,HND,2012,15.0,85.0,8715081.0,1307262.15
Honduras,HND,2013,15.0,85.0,8889276.0,1333391.4
Honduras,HND,2014,13.0,87.0,9063127.0,1178206.51
Honduras,HND,2015,12.0,88.0,9237306.0,1108476.72
Honduras,HND,2016,11.0,89.0,9412380.0,1035361.8
Honduras,HND,2018,13.0,87.0,9765209.0,1269477.1700000002
Honduras,HND,2019,11.0,89.0,9943637.0,1093800.07
India,IND,1991,52.0,48.0,883927605.0,459642354.6
India,IND,2001,39.0,61.0,1077898579.0,420380445.81
India,IND,2006,37.0,63.0,1172878888.0,433965188.56
India,IND,2011,31.0,69.0,1261224956.0,390979736.36
India,IND,2022,24.0,76.0,1425423209.0,342101570.15999997
India,IND,2023,18.0,82.0,1438069597.0,258852527.45999998
Indonesia,IDN,1990,18.0,82.0,183501097.0,33030197.459999997
Indonesia,IDN,2004,10.0,90.0,227926649.0,22792664.900000002
Indonesia,IDN,2006,8.0,92.0,233951650.0,18716132.0
Indonesia,IDN,2008,8.0,92.0,240157902.0,19212632.16
Indonesia,IDN,2009,7.0,93.0,243220024.0,17025401.680000003
Indonesia,IDN,2011,7.0,93.0,249470029.0,17462902.03
Indonesia,IDN,2014,5.0,95.0,258877395.0,12943869.75
Indonesia,IDN,2015,5.0,95.0,261799249.0,13089962.450000001
Indonesia,IDN,2016,5.0,95.0,264627429.0,13231371.450000001
Indonesia,IDN,2018,4.0,96.0,269951847.0,10798073.88
Indonesia,IDN,2020,4.0,96.0,274814861.0,10992594.44
Iran,IRN,1991,34.0,66.0,59986931.0,20395556.540000003
Iran,IRN,1996,27.0,73.0,62881298.0,16977950.46
Iran,IRN,2002,23.0,77.0,68011318.0,15642603.14
Iran,IRN,2005,18.0,82.0,71828455.0,12929121.9
Iran,IRN,2006,18.0,82.0,73392747.0,13210694.459999999
Iran,IRN,2008,17.0,83.0,75514201.0,12837414.170000002
Iran,IRN,2012,16.0,84.0,79370583.0,12699293.280000001
Iran,IRN,2013,15.0,85.0,80414689.0,12062203.35
Iran,IRN,2014,15.0,85.0,81502045.0,12225306.75
Iran,IRN,2016,14.0,86.0,83812230.0,11733712.200000001
Iraq,IRQ,2000,26.0,74.0,24424060.0,6350255.600000001
Iraq,IRQ,2012,23.0,77.0,33654843.0,7740613.890000001
Iraq,IRQ,2014,18.0,82.0,36550058.0,6579010.4399999995
Iraq,IRQ,2016,17.0,83.0,38469628.0,6539836.760000001
Iraq,IRQ,2017,14.0,86.0,39337358.0,5507230.12
Italy,ITA,2001,2.0,98.0,57305760.0,1146115.2
Italy,ITA,2011,1.0,99.0,60367882.0,603678.8200000001
Italy,ITA,2019,1.0,99.0,60130136.0,601301.36
Jamaica,JAM,1999,20.0,80.0,2589796.0,517959.2
Jordan,JOR,2003,10.0,90.0,5741837.0,574183.7000000001
Jordan,JOR,2005,9.0,91.0,6029597.0,542663.73
Jordan,JOR,2007,8.0,92.0,6827235.0,546178.8
Jordan,JOR,2010,7.0,93.0,7297046.0,510793.22000000003
Jordan,JOR,2011,4.0,96.0,7480431.0,299217.24
Jordan,JOR,2012,2.0,98.0,7587133.0,151742.66
Jordan,JOR,2018,4.56855,95.43145,10462310.0,477975.863505
Jordan,JOR,2023,5.0,95.0,11439220.0,571961.0
Kazakhstan,KAZ,1999,0.0,100.0,15455877.0,0.0
Kazakhstan,KAZ,2009,0.0,100.0,16619851.0,0.0
Kenya,KEN,2000,18.0,82.0,30642893.0,5515720.74
Kiribati,KIR,2018,2.0402908,97.95971,122097.0,2491.1338580760003
Kuwait,KWT,1995,22.0,78.0,1681518.0,369933.96
Kuwait,KWT,2005,7.0,93.0,2236797.0,156575.79
Kuwait,KWT,2006,7.0,93.0,2364741.0,165531.87000000002
Kuwait,KWT,2007,6.0,94.0,2507890.0,150473.4
Kuwait,KWT,2008,6.0,94.0,2651433.0,159085.97999999998
Kuwait,KWT,2010,6.0,94.0,2943374.0,176602.44
Kuwait,KWT,2012,4.0,96.0,3337025.0,133481.0
Kuwait,KWT,2013,4.0,96.0,3507755.0,140310.2
Kuwait,KWT,2015,4.0,96.0,3834465.0,153378.6
Kuwait,KWT,2017,4.0,96.0,4154686.0,166187.44
Kuwait,KWT,2018,4.0,96.0,4323389.0,172935.56
Kuwait,KWT,2020,4.0,96.0,4400146.0,176005.84
Kyrgyzstan,KGZ,1999,1.0,99.0,4968593.0,49685.93
Kyrgyzstan,KGZ,2009,1.0,99.0,5398013.0,53980.130000000005
Laos,LAO,1995,40.0,60.0,4929410.0,1971764.0
Laos,LAO,2000,30.0,70.0,5431213.0,1629363.9
Laos,LAO,2001,31.0,69.0,5521481.0,1711659.11
Laos,LAO,2005,27.0,73.0,5869531.0,1584773.37
Laos,LAO,2015,15.0,85.0,6801647.0,1020247.0499999999
Latin America And Caribbean (Wb),WB_LAC,1990,15.532127,84.46787,12687083.0,1970573.8441554098
Latin America And Caribbean (Wb),WB_LAC,1991,14.933609,85.06639,12687083.0,1894639.36872547
Latin America And Caribbean (Wb),WB_LAC,1992,14.334457,85.66554,12687083.0,1818624.45718931
Latin America And Caribbean (Wb),WB_LAC,1993,13.745087,86.25491,12687083.0,1743850.59611221
Latin America And Caribbean (Wb),WB_LAC,1994,13.16674,86.83326,12687083.0,1670475.2321942002
Latin America And Caribbean (Wb),WB_LAC,1995,12.5937805,87.40622,12687083.0,1597783.3848728149
Latin America And Caribbean (Wb),WB_LAC,1996,12.220879,87.77912,12687083.0,1550473.0620595699
Latin America And Caribbean (Wb),WB_LAC,1997,11.9555435,88.04446,12687083.0,1516809.7269461048
Latin America And Caribbean (Wb),WB_LAC,1998,11.600967,88.39903,12687083.0,1471824.3120926102
Latin America And Caribbean (Wb),WB_LAC,1999,11.283447,88.71655,12687083.0,1431540.28615101
Latin America And Caribbean (Wb),WB_LAC,2000,10.983337,89.01666,12687083.0,1393465.08135971
Latin America And Caribbean (Wb),WB_LAC,2001,10.824249,89.17575,12687083.0,1373281.45475667
Latin America And Caribbean (Wb),WB_LAC,2002,10.556938,89.44306,12687083.0,1339367.48631854
Latin America And Caribbean (Wb),WB_LAC,2003,9.9040985,90.0959,12687083.0,1256541.197096755
Latin America And Caribbean (Wb),WB_LAC,2004,9.627731,90.37227,12687083.0,1221478.22298673
Latin America And Caribbean (Wb),WB_LAC,2005,9.660591,90.33941,12687083.0,1225647.19846053
Latin America And Caribbean (Wb),WB_LAC,2006,9.457687,90.54231,12687083.0,1199904.5995702099
Latin America And Caribbean (Wb),WB_LAC,2007,8.609367,91.39063,12687083.0,1092277.53706461
Latin America And Caribbean (Wb),WB_LAC,2008,8.310661,91.68934,12687083.0,1054380.45891863
Latin America And Caribbean (Wb),WB_LAC,2009,8.13533,91.86467,12687083.0,1032136.0694239
Latin America And Caribbean (Wb),WB_LAC,2010,8.2148285,91.78517,12687083.0,1042222.1101026549
Latin America And Caribbean (Wb),WB_LAC,2011,7.50943,92.49057,12687083.0,952727.6169269
Latin America And Caribbean (Wb),WB_LAC,2012,7.2005234,92.79948,12687083.0,913536.380192422
Latin America And Caribbean (Wb),WB_LAC,2013,7.2159424,92.78406,12687083.0,915492.601520192
Latin America And Caribbean (Wb),WB_LAC,2014,6.717949,93.28205,12687083.0,852311.7655276699
Latin America And Caribbean (Wb),WB_LAC,2015,6.573143,93.42686,12687083.0,833940.10811869
Latin America And Caribbean (Wb),WB_LAC,2016,6.1316833,93.86832,12687083.0,777931.749568139
Latin America And Caribbean (Wb),WB_LAC,2017,6.1005325,93.89947,12687083.0,773979.621716975
Latin America And Caribbean (Wb),WB_LAC,2018,5.914093,94.08591,12687083.0,750325.8876071901
Latin America And Caribbean (Wb),WB_LAC,2019,5.7443314,94.25567,12687083.0,728788.0925130621
Latin America And Caribbean (Wb),WB_LAC,2020,5.6866913,94.31331,12687083.0,721475.2451847789
Latin America And Caribbean (Wb),WB_LAC,2021,5.50618,94.49382,12687083.0,698573.6267293999
Latin America And Caribbean (Wb),WB_LAC,2022,5.3530807,94.64692,12687083.0,679149.7914659809
Latin America And Caribbean (Wb),WB_LAC,2023,5.2099915,94.79001,12687083.0,660995.9458979451
Latin America And The Caribbean (Sdg),OWID_WRL,1990,15.531799,84.4682,12687083.0,1970532.23052317
Latin America And The Caribbean (Sdg),OWID_WRL,1991,14.933296,85.0667,12687083.0,1894599.6581556802
Latin America And The Caribbean (Sdg),OWID_WRL,1992,14.334183,85.66582,12687083.0,1818589.69458189
Latin America And The Caribbean (Sdg),OWID_WRL,1993,13.744843,86.25516,12687083.0,1743819.6396296897
Latin America And The Caribbean (Sdg),OWID_WRL,1994,13.166519,86.83348,12687083.0,1670447.1937407698
Latin America And The Caribbean (Sdg),OWID_WRL,1995,12.593582,87.40642,12687083.0,1597758.20101306
Latin America And The Caribbean (Sdg),OWID_WRL,1996,12.220688,87.77931,12687083.0,1550448.82973104
Latin America And The Caribbean (Sdg),OWID_WRL,1997,11.95536,88.04464,12687083.0,1516786.4461488002
Latin America And The Caribbean (Sdg),OWID_WRL,1998,11.6008,88.3992,12687083.0,1471803.124664
Latin America And The Caribbean (Sdg),OWID_WRL,1999,11.283287,88.71671,12687083.0,1431519.98681821
Latin America And The Caribbean (Sdg),OWID_WRL,2000,10.983177,89.01682,12687083.0,1393444.78202691
Latin America And The Caribbean (Sdg),OWID_WRL,2001,10.824089,89.17591,12687083.0,1373261.15542387
Latin America And The Caribbean (Sdg),OWID_WRL,2002,10.556793,89.44321,12687083.0,1339349.09004819
Latin America And The Caribbean (Sdg),OWID_WRL,2003,9.903976,90.09602,12687083.0,1256525.65542008
Latin America And The Caribbean (Sdg),OWID_WRL,2004,9.627609,90.37239,12687083.0,1221462.74474547
Latin America And The Caribbean (Sdg),OWID_WRL,2005,9.660469,90.33953,12687083.0,1225631.72021927
Latin America And The Caribbean (Sdg),OWID_WRL,2006,9.457581,90.54242,12687083.0,1199891.15126223
Latin America And The Caribbean (Sdg),OWID_WRL,2007,8.609291,91.39071,12687083.0,1092267.8948815302
Latin America And The Caribbean (Sdg),OWID_WRL,2008,8.310593,91.68941,12687083.0,1054371.8317021902
Latin America And The Caribbean (Sdg),OWID_WRL,2009,8.135262,91.86474,12687083.0,1032127.4422074602
Latin America And The Caribbean (Sdg),OWID_WRL,2010,8.214752,91.78525,12687083.0,1042212.40448416
Latin America And The Caribbean (Sdg),OWID_WRL,2011,7.509369,92.49063,12687083.0,952719.87780627
Latin America And The Caribbean (Sdg),OWID_WRL,2012,7.20047,92.79953,12687083.0,913529.6052901001
Latin America And The Caribbean (Sdg),OWID_WRL,2013,7.215889,92.78411,12687083.0,915485.82661787
Latin America And The Caribbean (Sdg),OWID_WRL,2014,6.7179184,93.28208,12687083.0,852307.883280272
Latin America And The Caribbean (Sdg),OWID_WRL,2015,6.5731125,93.42689,12687083.0,833936.238558375
Latin America And The Caribbean (Sdg),OWID_WRL,2016,6.1316605,93.86834,12687083.0,777928.8569132149
Latin America And The Caribbean (Sdg),OWID_WRL,2017,6.1005096,93.89949,12687083.0,773976.716374968
Latin America And The Caribbean (Sdg),OWID_WRL,2018,5.9140778,94.08592,12687083.0,750323.9591705741
Latin America And The Caribbean (Sdg),OWID_WRL,2019,5.7443237,94.25568,12687083.0,728787.115607671
Latin America And The Caribbean (Sdg),OWID_WRL,2020,5.6866913,94.31331,12687083.0,721475.2451847789
Latin America And The Caribbean (Sdg),OWID_WRL,2021,5.50618,94.49382,12687083.0,698573.6267293999
Latin America And The Caribbean (Sdg),OWID_WRL,2022,5.3530807,94.64692,12687083.0,679149.7914659809
Latin America And The Caribbean (Sdg),OWID_WRL,2023,5.209999,94.79,12687083.0,660996.89742917
Latvia,LVA,2000,0.0,100.0,2368320.0,0.0
Latvia,LVA,2011,0.0,100.0,2059940.0,0.0
Lebanon,LBN,2007,10.0,90.0,4844119.0,484411.9
Lebanon,LBN,2009,9.0,91.0,4992295.0,449306.55
Lebanon,LBN,2018,7.0,93.0,5984120.0,418888.4
Lesotho,LSO,2000,14.0,86.0,2003919.0,280548.66000000003
Lesotho,LSO,2006,34.0,66.0,1945066.0,661322.4400000001
Lesotho,LSO,2016,3.0,97.0,2130424.0,63912.72
Lesotho,LSO,2018,13.759132,86.24087,2183611.0,300445.91985651996
Lithuania,LTU,2001,0.0,100.0,3473008.0,0.0
Lithuania,LTU,2011,0.0,100.0,3028642.0,0.0
Low-Income Countries,OWID_LIC,1990,52.60835,47.39165,292663595.0,153965488.3801825
Low-Income Countries,OWID_LIC,1991,52.3177,47.6823,300360059.0,157141474.587443
Low-Income Countries,OWID_LIC,1992,52.17815,47.82185,309369865.0,161423472.2144975
Low-Income Countries,OWID_LIC,1993,51.96915,48.03085,319277771.0,165925943.7276465
Low-Income Countries,OWID_LIC,1994,51.68891,48.31109,328801392.0,169953855.5896272
Low-Income Countries,OWID_LIC,1995,51.324,48.676,338406194.0,173683595.00856
Low-Income Countries,OWID_LIC,1996,50.95733,49.04267,348513467.0,177593157.4736311
Low-Income Countries,OWID_LIC,1997,50.26669,49.73331,358535391.0,180223873.53425786
Low-Income Countries,OWID_LIC,1998,49.56981,50.43019,368772687.0,182799920.2777947
Low-Income Countries,OWID_LIC,1999,49.02119,50.97881,379366090.0,185969771.77447098
Low-Income Countries,OWID_LIC,2000,48.60134,51.39866,389723485.0,189410836.004699
Low-Income Countries,OWID_LIC,2001,47.95284,52.04716,400384099.0,191995546.3789116
Low-Income Countries,OWID_LIC,2002,47.2836,52.7164,412284807.0,194943099.002652
Low-Income Countries,OWID_LIC,2003,46.88651,53.11349,424679097.0,199117207.2828147
Low-Income Countries,OWID_LIC,2004,46.41802,53.58198,436967699.0,202831753.9153598
Low-Income Countries,OWID_LIC,2005,46.00279,53.99721,449724246.0,206885700.4664634
Low-Income Countries,OWID_LIC,2006,47.8201,52.1799,463303557.0,221552224.260957
Low-Income Countries,OWID_LIC,2007,46.58184,53.41816,477111736.0,222247425.4847424
Low-Income Countries,OWID_LIC,2008,45.68599,54.31401,490973774.0,224306229.29226258
Low-Income Countries,OWID_LIC,2009,45.17653,54.82347,505164159.0,228215637.8398827
Low-Income Countries,OWID_LIC,2010,44.68027,55.31973,519647365.0,232179845.7298855
Low-Income Countries,OWID_LIC,2011,42.64128,57.35872,534392915.0,227871979.18531203
Low-Income Countries,OWID_LIC,2012,42.19119,57.80881,549004721.0,231631624.9460799
Low-Income Countries,OWID_LIC,2013,41.34499,58.65501,563040135.0,232788887.5117365
Low-Income Countries,OWID_LIC,2014,40.92917,59.07083,577051647.0,236182449.5884299
Low-Income Countries,OWID_LIC,2015,40.25754,59.74246,591583770.0,238157072.841258
Low-Income Countries,OWID_LIC,2016,39.5733,60.4267,607210136.0,240293088.74968803
Low-Income Countries,OWID_LIC,2017,38.51638,61.48362,623824285.0,240274532.142883
Low-Income Countries,OWID_LIC,2018,38.54596,61.45404,641385698.0,247228274.5968008
Low-Income Countries,OWID_LIC,2019,38.47153,61.52847,659875267.0,253864111.30648512
Low-Income Countries,OWID_LIC,2020,38.30996,61.69004,678679145.0,260001708.977842
Low-Income Countries,OWID_LIC,2021,37.81859,62.18141,697273071.0,263698843.90189892
Low-Income Countries,OWID_LIC,2022,37.36754,62.63246,715844683.0,267493548.25789818
Low-Income Countries,OWID_LIC,2023,36.96147,63.03853,735385966.0,271809463.2073002
Lower-Middle-Income Countries,OWID_LMC,1990,47.1931,52.8069,1711864220.0,807881793.20882
Lower-Middle-Income Countries,OWID_LMC,1991,46.48436,53.51564,1752608523.0,814688855.2220029
Lower-Middle-Income Countries,OWID_LMC,1992,45.59515,54.40485,1793067376.0,817551759.6882639
Lower-Middle-Income Countries,OWID_LMC,1993,44.73002,55.26998,1833937911.0,820320794.3778822
Lower-Middle-Income Countries,OWID_LMC,1994,43.91726,56.08274,1874934474.0,823419847.7762123
Lower-Middle-Income Countries,OWID_LMC,1995,43.14224,56.85776,1916258972.0,826717044.7217728
Lower-Middle-Income Countries,OWID_LMC,1996,42.36563,57.63437,1957849353.0,829455212.8493739
Lower-Middle-Income Countries,OWID_LMC,1997,41.58707,58.41293,1999733954.0,831630759.2637478
Lower-Middle-Income Countries,OWID_LMC,1998,38.15115,61.84885,2042077792.0,779076161.542608
Lower-Middle-Income Countries,OWID_LMC,1999,37.40852,62.59148,2084331968.0,779717741.1156737
Lower-Middle-Income Countries,OWID_LMC,2000,37.19769,62.80231,2126916405.0,791163770.8910445
Lower-Middle-Income Countries,OWID_LMC,2001,36.47008,63.52992,2169845903.0,791344536.7008225
Lower-Middle-Income Countries,OWID_LMC,2002,35.75167,64.24833,2211922405.0,790799198.8916634
Lower-Middle-Income Countries,OWID_LMC,2003,34.705276,65.29472,2253565571.0,782106151.2565259
Lower-Middle-Income Countries,OWID_LMC,2004,34.003128,65.99687,2295613093.0,780580258.397549
Lower-Middle-Income Countries,OWID_LMC,2005,34.21398,65.78602,2337232229.0,799660167.3836142
Lower-Middle-Income Countries,OWID_LMC,2006,34.231483,65.76852,2379086325.0,814396530.8976996
Lower-Middle-Income Countries,OWID_LMC,2007,33.70806,66.29194,2421832593.0,816352783.5479958
Lower-Middle-Income Countries,OWID_LMC,2008,33.056282,66.94372,2464297892.0,814605260.4995755
Lower-Middle-Income Countries,OWID_LMC,2009,32.36476,67.63524,2507036280.0,811396275.134928
Lower-Middle-Income Countries,OWID_LMC,2010,30.491669,69.50833,2550520230.0,777696186.3096386
Lower-Middle-Income Countries,OWID_LMC,2011,30.19014,69.80986,2594096178.0,783161267.8728491
Lower-Middle-Income Countries,OWID_LMC,2012,29.74424,70.25576,2637381315.0,784469028.048756
Lower-Middle-Income Countries,OWID_LMC,2013,28.8404,71.1596,2680848784.0,773167512.7007359
Lower-Middle-Income Countries,OWID_LMC,2014,28.103127,71.89687,2724066420.0,765547845.5769534
Lower-Middle-Income Countries,OWID_LMC,2015,27.015327,72.98467,2765984952.0,747239879.553593
Lower-Middle-Income Countries,OWID_LMC,2016,26.265999,73.734,2807490854.0,737415519.6367315
Lower-Middle-Income Countries,OWID_LMC,2017,25.732887,74.26711,2848767185.0,733070040.6091311
Lower-Middle-Income Countries,OWID_LMC,2018,24.926857,75.07314,2889324239.0,720217721.3218682
Lower-Middle-Income Countries,OWID_LMC,2019,24.754494,75.24551,2929401303.0,725158469.7870569
Lower-Middle-Income Countries,OWID_LMC,2020,24.119698,75.8803,2969245757.0,716173109.4662138
Lower-Middle-Income Countries,OWID_LMC,2021,23.511772,76.48823,3007019418.0,707003549.555887
Lower-Middle-Income Countries,OWID_LMC,2022,22.917358,77.08264,3044254723.0,697662753.3018183
Lower-Middle-Income Countries,OWID_LMC,2023,22.36818,77.63182,3083154885.0,689645634.355593
Macao,MAC,2001,9.0,91.0,445121.0,40060.89
Macao,MAC,2006,7.0,93.0,508752.0,35612.64000000001
Macao,MAC,2011,4.0,96.0,575644.0,23025.760000000002
Macao,MAC,2016,3.0,97.0,634317.0,19029.51
Madagascar,MDG,2000,29.0,71.0,16516336.0,4789737.4399999995
Madagascar,MDG,2005,41.0,59.0,19159711.0,7855481.51
Madagascar,MDG,2012,28.0,72.0,23462444.0,6569484.32
Madagascar,MDG,2018,23.0,77.0,27494930.0,6323833.9
Madagascar,MDG,2021,25.313858,74.68614,29691087.0,7515959.60183646
Malawi,MWI,1998,36.0,64.0,10792877.0,3885435.7199999997
Malawi,MWI,2020,29.847733,70.15227,19533885.0,5830421.83932705
Malaysia,MYS,1991,17.0,83.0,18342474.0,3118220.58
Malaysia,MYS,2000,11.0,89.0,22967817.0,2526459.87
Malaysia,MYS,2010,7.0,93.0,28655772.0,2005904.0400000003
Malaysia,MYS,2016,5.0,95.0,31789692.0,1589484.6
Malaysia,MYS,2017,5.0,95.0,32355642.0,1617782.1
Malaysia,MYS,2018,5.0,95.0,32910963.0,1645548.1500000001
Malaysia,MYS,2019,5.0,95.0,33440590.0,1672029.5
Malaysia,MYS,2022,4.0,96.0,34695494.0,1387819.76
Maldives,MDV,1990,4.0,96.0,224772.0,8990.880000000001
Maldives,MDV,1995,4.0,96.0,256660.0,10266.4
Maldives,MDV,2000,4.0,96.0,282025.0,11281.0
Maldives,MDV,2006,2.0,98.0,313866.0,6277.32
Maldives,MDV,2014,1.0,99.0,413623.0,4136.2300000000005
Maldives,MDV,2016,2.0,98.0,443316.0,8866.32
Maldives,MDV,2017,5.4944916,94.50551,458297.0,25181.090168052
Maldives,MDV,2019,1.7881393,98.21186,487737.0,8721.416977641002
Mali,MLI,1998,81.0,19.0,10919577.0,8844857.370000001
Mali,MLI,2003,76.0,24.0,12684951.0,9640562.76
Mali,MLI,2006,74.0,26.0,13990143.0,10352705.82
Mali,MLI,2010,69.0,31.0,15945201.0,11002188.69
Mali,MLI,2011,69.0,31.0,16469054.0,11363647.26
Mali,MLI,2015,67.0,33.0,18593022.0,12457324.74
Mali,MLI,2018,65.0,35.0,20442031.0,13287320.15
Malta,MLT,1995,12.0,88.0,384559.0,46147.08
Malta,MLT,2005,8.0,92.0,413324.0,33065.92
Malta,MLT,2011,7.0,93.0,424635.0,29724.450000000004
Marshall Islands,MHL,2011,2.0,98.0,51927.0,1038.54
Mauritania,MRT,2000,49.0,51.0,2613450.0,1280590.5
Mauritania,MRT,2013,38.0,62.0,3734324.0,1419043.12
Mauritania,MRT,2015,34.887978,65.11202,3965959.0,1383642.9034090198
Mauritania,MRT,2020,40.47034,59.52966,4600136.0,1861690.6796624
Mauritius,MUS,1990,20.0,80.0,1089033.0,217806.6
Mauritius,MUS,2000,16.0,84.0,1216632.0,194661.12
Mauritius,MUS,2011,11.0,89.0,1286270.0,141489.7
Mauritius,MUS,2012,8.0,92.0,1289174.0,103133.92
Mauritius,MUS,2013,9.0,91.0,1290988.0,116188.92
Mauritius,MUS,2014,8.0,92.0,1292006.0,103360.48
Mauritius,MUS,2015,7.0,93.0,1292283.0,90459.81000000001
Mauritius,MUS,2016,7.0,93.0,1291807.0,90426.49
Mexico,MEX,1990,12.0,88.0,82820170.0,9938420.4
Mexico,MEX,2000,9.0,91.0,98625553.0,8876299.77
Mexico,MEX,2002,10.0,90.0,101548627.0,10154862.700000001
Mexico,MEX,2004,9.0,91.0,104394131.0,9395471.79
Mexico,MEX,2005,8.0,92.0,105811504.0,8464920.32
Mexico,MEX,2006,8.0,92.0,107253666.0,8580293.28
Mexico,MEX,2007,7.0,93.0,108774356.0,7614204.920000001
Mexico,MEX,2008,7.0,93.0,110374286.0,7726200.0200000005
Mexico,MEX,2009,7.0,93.0,111999720.0,7839980.4
Mexico,MEX,2010,7.0,93.0,113623898.0,7953672.86
Mexico,MEX,2011,6.0,94.0,115243503.0,6914610.18
Mexico,MEX,2012,6.0,94.0,116818208.0,7009092.4799999995
Mexico,MEX,2013,6.0,94.0,118343572.0,7100614.319999999
Mexico,MEX,2014,5.0,95.0,119784265.0,5989213.25
Mexico,MEX,2015,6.0,94.0,121072310.0,7264338.6
Mexico,MEX,2016,5.0,95.0,122251344.0,6112567.2
Mexico,MEX,2017,5.0,95.0,123400052.0,6170002.600000001
Mexico,MEX,2018,5.0,95.0,124573713.0,6228685.65
Mexico,MEX,2020,5.0,95.0,126799053.0,6339952.65
Middle East And North Africa (Wb),OWID_WRL,1990,41.76429,58.23571,12687083.0,5298670.136660701
Middle East And North Africa (Wb),OWID_WRL,1991,40.57349,59.42651,12687083.0,5147592.3522967
Middle East And North Africa (Wb),OWID_WRL,1992,39.47795,60.52205,12687083.0,5008600.2831985
Middle East And North Africa (Wb),OWID_WRL,1993,38.61286,61.38714,12687083.0,4898845.5968738
Middle East And North Africa (Wb),OWID_WRL,1994,37.65129,62.34871,12687083.0,4776850.4128707005
Middle East And North Africa (Wb),OWID_WRL,1995,36.17486,63.82514,12687083.0,4589534.5133338
Middle East And North Africa (Wb),OWID_WRL,1996,35.03932,64.96068,12687083.0,4445467.611035599
Middle East And North Africa (Wb),OWID_WRL,1997,33.93638,66.06362,12687083.0,4305536.697795399
Middle East And North Africa (Wb),OWID_WRL,1998,32.732674,67.26733,12687083.0,4152821.51849942
Middle East And North Africa (Wb),OWID_WRL,1999,31.63256,68.36744,12687083.0,4013249.1422248003
Middle East And North Africa (Wb),OWID_WRL,2000,30.598412,69.40159,12687083.0,3882045.9271219596
Middle East And North Africa (Wb),OWID_WRL,2001,29.467583,70.53242,12687083.0,3738576.7133038905
Middle East And North Africa (Wb),OWID_WRL,2002,28.43544,71.56456,12687083.0,3607627.8742152
Middle East And North Africa (Wb),OWID_WRL,2003,25.87294,74.12706,12687083.0,3282521.3723402
Middle East And North Africa (Wb),OWID_WRL,2004,25.036774,74.96323,12687083.0,3176436.29790242
Middle East And North Africa (Wb),OWID_WRL,2005,24.42891,75.57109,12687083.0,3099316.0876952996
Middle East And North Africa (Wb),OWID_WRL,2006,25.407883,74.59212,12687083.0,3223519.2047528904
Middle East And North Africa (Wb),OWID_WRL,2007,24.63002,75.36998,12687083.0,3124831.0803165995
Middle East And North Africa (Wb),OWID_WRL,2008,22.914787,77.08521,12687083.0,2907218.04596321
Middle East And North Africa (Wb),OWID_WRL,2009,23.981728,76.01827,12687083.0,3042581.73619424
Middle East And North Africa (Wb),OWID_WRL,2010,23.390617,76.60938,12687083.0,2967586.99300211
Middle East And North Africa (Wb),OWID_WRL,2011,22.67614,77.32386,12687083.0,2876940.7029962
Middle East And North Africa (Wb),OWID_WRL,2012,22.002258,77.99774,12687083.0,2791444.73433414
Middle East And North Africa (Wb),OWID_WRL,2013,21.39183,78.60817,12687083.0,2713999.2273188997
Middle East And North Africa (Wb),OWID_WRL,2014,21.014488,78.98551,12687083.0,2666125.53458504
Middle East And North Africa (Wb),OWID_WRL,2015,20.36026,79.63974,12687083.0,2583123.0852158
Middle East And North Africa (Wb),OWID_WRL,2016,21.523651,78.47635,12687083.0,2730723.4670003303
Middle East And North Africa (Wb),OWID_WRL,2017,21.071259,78.92874,12687083.0,2673328.11847497
Middle East And North Africa (Wb),OWID_WRL,2018,20.743279,79.25672,12687083.0,2631717.02365157
Middle East And North Africa (Wb),OWID_WRL,2019,20.446136,79.55386,12687083.0,2594018.2446128796
Middle East And North Africa (Wb),OWID_WRL,2020,20.104233,79.89577,12687083.0,2550640.7272233902
Middle East And North Africa (Wb),OWID_WRL,2021,19.698807,80.30119,12687083.0,2499203.99409981
Middle East And North Africa (Wb),OWID_WRL,2022,19.3889,80.6111,12687083.0,2459885.835787
Middle East And North Africa (Wb),OWID_WRL,2023,19.050858,80.94914,12687083.0,2416998.1666721404
Middle-Income Countries,OWID_WRL,1990,29.30024,70.69976,12687083.0,3717345.7679992
Middle-Income Countries,OWID_WRL,1991,28.770851,71.22915,12687083.0,3650181.7461763304
Middle-Income Countries,OWID_WRL,1992,28.164078,71.83592,12687083.0,3573199.95204474
Middle-Income Countries,OWID_WRL,1993,27.584442,72.41556,12687083.0,3499661.0516268597
Middle-Income Countries,OWID_WRL,1994,27.03975,72.96025,12687083.0,3430555.5254925
Middle-Income Countries,OWID_WRL,1995,26.482918,73.51708,12687083.0,3359909.78748194
Middle-Income Countries,OWID_WRL,1996,25.954903,74.0451,12687083.0,3292920.08617949
Middle-Income Countries,OWID_WRL,1997,23.288582,76.71142,12687083.0,2954641.7278630603
Middle-Income Countries,OWID_WRL,1998,21.701462,78.29854,12687083.0,2753282.49615346
Middle-Income Countries,OWID_WRL,1999,21.266792,78.73321,12687083.0,2698135.55247736
Middle-Income Countries,OWID_WRL,2000,21.022774,78.97723,12687083.0,2667176.78628242
Middle-Income Countries,OWID_WRL,2001,20.61908,79.38092,12687083.0,2615959.7934364
Middle-Income Countries,OWID_WRL,2002,20.185173,79.81483,12687083.0,2560909.6522035897
Middle-Income Countries,OWID_WRL,2003,19.551567,80.44843,12687083.0,2480523.5330906096
Middle-Income Countries,OWID_WRL,2004,19.120491,80.87951,12687083.0,2425832.56317753
Middle-Income Countries,OWID_WRL,2005,19.120064,80.87994,12687083.0,2425778.38933312
Middle-Income Countries,OWID_WRL,2006,19.019432,80.98057,12687083.0,2413011.12396856
Middle-Income Countries,OWID_WRL,2007,18.317482,81.68252,12687083.0,2323954.14485006
Middle-Income Countries,OWID_WRL,2008,17.869904,82.1301,12687083.0,2267169.5525003197
Middle-Income Countries,OWID_WRL,2009,17.58371,82.41629,12687083.0,2230859.8821793
Middle-Income Countries,OWID_WRL,2010,16.724762,83.27524,12687083.0,2121884.43649246
Middle-Income Countries,OWID_WRL,2011,16.58397,83.41603,12687083.0,2104022.0385951
Middle-Income Countries,OWID_WRL,2012,16.327873,83.67213,12687083.0,2071530.7996445901
Middle-Income Countries,OWID_WRL,2013,15.95491,84.04509,12687083.0,2024212.6742753
Middle-Income Countries,OWID_WRL,2014,15.509216,84.49078,12687083.0,1967667.1065692801
Middle-Income Countries,OWID_WRL,2015,15.026009,84.97399,12687083.0,1906362.2334174702
Middle-Income Countries,OWID_WRL,2016,14.629448,85.37055,12687083.0,1856050.2102018401
Middle-Income Countries,OWID_WRL,2017,14.4464035,85.5536,12687083.0,1832827.2025599051
Middle-Income Countries,OWID_WRL,2018,14.054176,85.94582,12687083.0,1783064.9740860797
Middle-Income Countries,OWID_WRL,2019,13.884422,86.11558,12687083.0,1761528.1432102602
Middle-Income Countries,OWID_WRL,2020,13.592949,86.40705,12687083.0,1724548.72177767
Middle-Income Countries,OWID_WRL,2021,13.348106,86.65189,12687083.0,1693485.2871479797
Middle-Income Countries,OWID_WRL,2022,13.041557,86.95844,12687083.0,1654593.1610823097
Middle-Income Countries,OWID_WRL,2023,12.771606,87.22839,12687083.0,1620344.2536529799
Moldova,MDA,2000,3.0,97.0,4234969.0,127049.06999999999
Moldova,MDA,2014,1.0,99.0,3342715.0,33427.15
Mongolia,MNG,2000,2.0,98.0,2455182.0,49103.64
Mongolia,MNG,2010,2.0,98.0,2701739.0,54034.78
Mongolia,MNG,2018,3.103653,96.89635,3167714.0,98314.85059242
Mongolia,MNG,2020,1.0,99.0,3290786.0,32907.86
Mongolia,MNG,2022,1.2737808,98.72622,3386015.0,43130.40895512
Montenegro,MNE,1991,7.0,93.0,12687083.0,888095.81
Montenegro,MNE,2003,2.0,98.0,633563.0,12671.26
Montenegro,MNE,2011,2.0,98.0,632689.0,12653.78
Montenegro,MNE,2018,1.4655991,98.5344,615798.0,9025.129945818
Morocco,MAR,1994,58.0,42.0,26000824.0,15080477.919999998
Morocco,MAR,2004,48.0,52.0,29953021.0,14377450.08
Morocco,MAR,2008,45.0,55.0,31606769.0,14223046.05
Morocco,MAR,2009,44.0,56.0,32030779.0,14093542.76
Morocco,MAR,2011,33.0,67.0,32912585.0,10861153.05
Morocco,MAR,2012,31.0,69.0,33355246.0,10340126.26
Morocco,MAR,2014,24.0,76.0,34204784.0,8209148.16
Mozambique,MOZ,1997,61.0,39.0,16949988.0,10339492.68
Mozambique,MOZ,2003,52.0,48.0,19392477.0,10084088.040000001
Mozambique,MOZ,2009,49.0,51.0,22391751.0,10971957.99
Mozambique,MOZ,2015,44.0,56.0,26547576.0,11680933.44
Mozambique,MOZ,2017,39.0,61.0,28166397.0,10984894.83
Mozambique,MOZ,2020,40.0,60.0,30783685.0,12313474.0
Myanmar,MMR,2000,10.0,90.0,45290850.0,4529085.0
Myanmar,MMR,2014,10.0,90.0,50681635.0,5068163.5
Myanmar,MMR,2019,11.0,89.0,52640718.0,5790478.98
Namibia,NAM,1991,24.0,76.0,1415689.0,339765.36
Namibia,NAM,2001,15.0,85.0,1857059.0,278558.85
Namibia,NAM,2011,12.0,88.0,2146331.0,257559.72
Nauru,NRU,2023,3.4134598,96.58654,11900.0,406.2017162
Nepal,NPL,1991,67.0,33.0,20036507.0,13424459.690000001
Nepal,NPL,2001,51.0,49.0,24946755.0,12722845.05
Nepal,NPL,2011,40.0,60.0,27464499.0,10985799.600000001
Nepal,NPL,2016,34.498993,65.50101,27955471.0,9644355.98340703
Nepal,NPL,2019,31.287498,68.7125,28414066.0,8890050.331468679
New Caledonia,NCL,1996,4.0,96.0,12687083.0,507483.32
Nicaragua,NIC,2001,23.0,77.0,5087827.0,1170200.21
Nicaragua,NIC,2005,22.0,78.0,5342108.0,1175263.76
Niger,NER,2001,86.0,14.0,11920648.0,10251757.28
Niger,NER,2005,71.0,29.0,13756192.0,9766896.32
Niger,NER,2012,69.0,31.0,17836770.0,12307371.299999999
Niger,NER,2018,66.952545,33.04745,22188074.0,14855480.229483299
Niger,NER,2022,64.39029,35.60971,25311978.0,16298456.038936198
Nigeria,NGA,1991,45.0,55.0,99720161.0,44874072.45
Nigeria,NGA,2003,45.0,55.0,137202646.0,61741190.7
Nigeria,NGA,2006,30.0,70.0,149077335.0,44723200.5
Nigeria,NGA,2016,41.77866,58.22134,195443698.0,81653758.0788468
Nigeria,NGA,2021,36.84446,63.15554,218529286.0,80515935.36855559
North America (Wb),WB_NA,2003,1.3800812,98.61992,12687083.0,175092.04731139602
North America (Wb),WB_NA,2004,1.3684387,98.63156,12687083.0,173614.953673121
North America (Wb),WB_NA,2005,1.3576279,98.64237,12687083.0,172243.378504157
North America (Wb),WB_NA,2006,1.3430481,98.65695,12687083.0,170393.627176923
North America (Wb),WB_NA,2007,1.3335724,98.66643,12687083.0,169191.437253092
North America (Wb),WB_NA,2008,1.3134232,98.68658,12687083.0,166635.091525256
North America (Wb),WB_NA,2017,1.246521,98.75348,12687083.0,158147.15388243
North America (Wb),WB_NA,2018,1.2402115,98.75979,12687083.0,157346.662380545
North America (Wb),WB_NA,2019,1.2348328,98.76517,12687083.0,156664.262247224
North America (Wb),WB_NA,2020,1.2297134,98.77029,12687083.0,156014.759720122
North America (Wb),WB_NA,2021,1.2228317,98.77717,12687083.0,155141.672729311
North America (Wb),WB_NA,2022,1.2205887,98.77941,12687083.0,154857.101457621
North Korea,PRK,2008,0.0,100.0,12687083.0,0.0
North Macedonia,MKD,1994,6.0,94.0,1992669.0,119560.14
North Macedonia,MKD,2002,4.0,96.0,2074482.0,82979.28
Northern Africa And Western Asia (Sdg),OWID_WRL,1990,35.803627,64.19637,12687083.0,4542435.87450041
Northern Africa And Western Asia (Sdg),OWID_WRL,1991,34.996513,65.00349,12687083.0,4440036.65141579
Northern Africa And Western Asia (Sdg),OWID_WRL,1992,34.228218,65.77178,12687083.0,4342562.4270809395
Northern Africa And Western Asia (Sdg),OWID_WRL,1993,33.66423,66.33577,12687083.0,4271008.8014109
Northern Africa And Western Asia (Sdg),OWID_WRL,1994,32.94233,67.05767,12687083.0,4179420.7492338996
Northern Africa And Western Asia (Sdg),OWID_WRL,1995,32.200844,67.79916,12687083.0,4085347.804980519
Northern Africa And Western Asia (Sdg),OWID_WRL,1996,31.33023,68.66977,12687083.0,3974892.2841908997
Northern Africa And Western Asia (Sdg),OWID_WRL,1997,30.492973,69.50703,12687083.0,3868668.7936775903
Northern Africa And Western Asia (Sdg),OWID_WRL,1998,29.58561,70.41439,12687083.0,3753550.8967563002
Northern Africa And Western Asia (Sdg),OWID_WRL,1999,28.758987,71.24101,12687083.0,3648676.5506492103
Northern Africa And Western Asia (Sdg),OWID_WRL,2000,27.835136,72.16486,12687083.0,3531466.80748288
Northern Africa And Western Asia (Sdg),OWID_WRL,2001,26.965218,73.03478,12687083.0,3421099.58879094
Northern Africa And Western Asia (Sdg),OWID_WRL,2002,26.164291,73.83571,12687083.0,3319485.31553153
Northern Africa And Western Asia (Sdg),OWID_WRL,2003,24.061333,75.93867,12687083.0,3052681.28861639
Northern Africa And Western Asia (Sdg),OWID_WRL,2004,23.39833,76.60167,12687083.0,2968565.5477139
Northern Africa And Western Asia (Sdg),OWID_WRL,2005,22.818626,77.18137,12687083.0,2895018.0200795797
Northern Africa And Western Asia (Sdg),OWID_WRL,2006,24.646858,75.35314,12687083.0,3126967.3313521403
Northern Africa And Western Asia (Sdg),OWID_WRL,2007,23.991798,76.0082,12687083.0,3043859.32545234
Northern Africa And Western Asia (Sdg),OWID_WRL,2008,23.273514,76.72649,12687083.0,2952730.0381966196
Northern Africa And Western Asia (Sdg),OWID_WRL,2009,23.92347,76.07653,12687083.0,3035190.4953801
Northern Africa And Western Asia (Sdg),OWID_WRL,2010,23.1297,76.8703,12687083.0,2934484.236651
Northern Africa And Western Asia (Sdg),OWID_WRL,2011,21.52356,78.47644,12687083.0,2730711.9217548
Northern Africa And Western Asia (Sdg),OWID_WRL,2012,20.811111,79.18889,12687083.0,2640322.92579213
Northern Africa And Western Asia (Sdg),OWID_WRL,2013,20.19368,79.80632,12687083.0,2561988.9423544
Northern Africa And Western Asia (Sdg),OWID_WRL,2014,19.811707,80.18829,12687083.0,2513527.71080681
Northern Africa And Western Asia (Sdg),OWID_WRL,2015,19.25393,80.74607,12687083.0,2442762.0798619
Northern Africa And Western Asia (Sdg),OWID_WRL,2016,20.297508,79.70249,12687083.0,2575161.68689164
Northern Africa And Western Asia (Sdg),OWID_WRL,2017,19.910263,80.08974,12687083.0,2526031.59232829
Northern Africa And Western Asia (Sdg),OWID_WRL,2018,19.651321,80.34868,12687083.0,2493179.40586643
Northern Africa And Western Asia (Sdg),OWID_WRL,2019,19.40747,80.59253,12687083.0,2462241.8271001
Northern Africa And Western Asia (Sdg),OWID_WRL,2020,19.169289,80.83071,12687083.0,2432023.6059398702
Northern Africa And Western Asia (Sdg),OWID_WRL,2021,18.88604,81.11396,12687083.0,2396087.5702132
Northern Africa And Western Asia (Sdg),OWID_WRL,2022,18.67772,81.32228,12687083.0,2369657.8389076
Northern Africa And Western Asia (Sdg),OWID_WRL,2023,18.47464,81.52536,12687083.0,2343892.9107512003
Oceania (Excluding Australia And New Zealand) (Sdg),OWID_WRL,1994,36.16279,63.83721,12687083.0,4588003.1824157
Oceania (Excluding Australia And New Zealand) (Sdg),OWID_WRL,1995,36.26484,63.73516,12687083.0,4600950.3506172
Oceania (Excluding Australia And New Zealand) (Sdg),OWID_WRL,1996,35.87451,64.12549,12687083.0,4551428.8595433
Oceania (Excluding Australia And New Zealand) (Sdg),OWID_WRL,1997,35.484818,64.51518,12687083.0,4501988.31205894
Oceania (Excluding Australia And New Zealand) (Sdg),OWID_WRL,1998,35.10292,64.89708,12687083.0,4453536.5958236
Oceania (Excluding Australia And New Zealand) (Sdg),OWID_WRL,1999,34.81904,65.18096,12687083.0,4417520.504603201
Oceania (Excluding Australia And New Zealand) (Sdg),OWID_WRL,2000,34.64868,65.35132,12687083.0,4395906.7900044
Oceania (Excluding Australia And New Zealand) (Sdg),OWID_WRL,2001,34.32618,65.67382,12687083.0,4354990.9473294
Oceania (Excluding Australia And New Zealand) (Sdg),OWID_WRL,2002,34.016037,65.98396,12687083.0,4315642.84750071
Oceania (Excluding Australia And New Zealand) (Sdg),OWID_WRL,2003,33.715103,66.2849,12687083.0,4277463.10114549
Oceania (Excluding Australia And New Zealand) (Sdg),OWID_WRL,2004,33.417686,66.58231,12687083.0,4239729.55949938
Oceania (Excluding Australia And New Zealand) (Sdg),OWID_WRL,2005,33.13874,66.86126,12687083.0,4204339.4489542
Oceania (Excluding Australia And New Zealand) (Sdg),OWID_WRL,2006,32.86789,67.13211,12687083.0,4169976.484648701
Oceania (Excluding Australia And New Zealand) (Sdg),OWID_WRL,2007,32.602203,67.3978,12687083.0,4136268.5544384904
Oceania (Excluding Australia And New Zealand) (Sdg),OWID_WRL,2008,32.346893,67.65311,12687083.0,4103877.16283119
Oceania (Excluding Australia And New Zealand) (Sdg),OWID_WRL,2009,32.10852,67.89148,12687083.0,4073634.5824715993
Oceania (Excluding Australia And New Zealand) (Sdg),OWID_WRL,2010,31.872818,68.12718,12687083.0,4043730.87409894
Oceania (Excluding Australia And New Zealand) (Sdg),OWID_WRL,2011,31.986237,68.01376,12687083.0,4058120.43676671
Oceania (Excluding Australia And New Zealand) (Sdg),OWID_WRL,2012,32.097633,67.90237,12687083.0,4072253.33974539
Oceania (Excluding Australia And New Zealand) (Sdg),OWID_WRL,2013,32.20893,67.79107,12687083.0,4086373.6825119
Oceania (Excluding Australia And New Zealand) (Sdg),OWID_WRL,2017,32.708633,67.29137,12687083.0,4149771.41687539
Oceania (Excluding Australia And New Zealand) (Sdg),OWID_WRL,2018,32.81302,67.18698,12687083.0,4163015.0822066003
Oceania (Excluding Australia And New Zealand) (Sdg),OWID_WRL,2019,32.91362,67.08638,12687083.0,4175778.2877046
Oceania (Excluding Australia And New Zealand) (Sdg),OWID_WRL,2020,33.010277,66.98972,12687083.0,4188041.2415199107
Oceania (Excluding Australia And New Zealand) (Sdg),OWID_WRL,2021,33.03247,66.96753,12687083.0,4190856.8858501003
Oman,OMN,2003,34.0,66.0,2363801.0,803692.3400000001
Oman,OMN,2008,13.0,87.0,2626536.0,341449.68
Oman,OMN,2010,13.0,87.0,2757450.0,358468.5
Oman,OMN,2015,7.0,93.0,4184898.0,292942.86000000004
Oman,OMN,2017,4.0,96.0,4537397.0,181495.88
Oman,OMN,2018,4.0,96.0,4597878.0,183915.12
Oman,OMN,2020,3.0,97.0,4522502.0,135675.06
Oman,OMN,2022,3.0,97.0,4730229.0,141906.87
Pakistan,PAK,1998,57.0,43.0,146522354.0,83517741.77999999
Pakistan,PAK,2005,50.0,50.0,175453212.0,87726606.0
Pakistan,PAK,2006,46.0,54.0,179682690.0,82654037.4
Pakistan,PAK,2007,48.0,52.0,184493231.0,88556750.88
Pakistan,PAK,2008,44.0,56.0,189499112.0,83379609.28
Pakistan,PAK,2009,45.0,55.0,194376535.0,87469440.75
Pakistan,PAK,2010,45.0,55.0,199239048.0,89657571.60000001
Pakistan,PAK,2011,45.0,55.0,203746069.0,91685731.05
Pakistan,PAK,2012,43.0,57.0,207667129.0,89296865.47
Pakistan,PAK,2013,44.0,56.0,211073979.0,92872550.76
Pakistan,PAK,2014,43.0,57.0,214264649.0,92133799.07
Pakistan,PAK,2017,41.0,59.0,223273974.0,91542329.33999999
Pakistan,PAK,2018,43.0,57.0,226928893.0,97579423.99
Pakistan,PAK,2019,42.0,58.0,230800908.0,96936381.36
Pakistan,PAK,2021,41.1439,58.8561,239477805.0,98530508.611395
Palau,PLW,2013,0.0,100.0,17670.0,0.0
Palau,PLW,2015,3.0,97.0,17791.0,533.73
Palestine,PSE,1997,14.0,86.0,2859581.0,400341.34
Palestine,PSE,2004,8.0,92.0,3475178.0,278014.24
Palestine,PSE,2006,7.0,93.0,3645096.0,255156.72000000003
Palestine,PSE,2007,6.0,94.0,3736694.0,224201.63999999998
Palestine,PSE,2008,6.0,94.0,3829039.0,229742.34
Palestine,PSE,2009,6.0,94.0,3921245.0,235274.69999999998
Palestine,PSE,2010,5.0,95.0,4016918.0,200845.90000000002
Palestine,PSE,2011,5.0,95.0,4115912.0,205795.6
Palestine,PSE,2012,4.0,96.0,4215318.0,168612.72
Palestine,PSE,2013,4.0,96.0,4315263.0,172610.52
Palestine,PSE,2014,4.0,96.0,4415887.0,176635.48
Palestine,PSE,2015,4.0,96.0,4521564.0,180862.56
Palestine,PSE,2016,3.0,97.0,4632743.0,138982.29
Palestine,PSE,2017,3.0,97.0,4742747.0,142282.41
Palestine,PSE,2018,3.0,97.0,4850593.0,145517.79
Palestine,PSE,2019,3.0,97.0,4957773.0,148733.19
Palestine,PSE,2020,2.0,98.0,5069692.0,101393.84
Palestine,PSE,2022,2.0,98.0,5305274.0,106105.48
Panama,PAN,1990,11.0,89.0,2455588.0,270114.68
Panama,PAN,2000,8.0,92.0,3010376.0,240830.08000000002
Panama,PAN,2010,6.0,94.0,3628537.0,217712.22
Panama,PAN,2018,5.0,95.0,4167860.0,208393.0
Panama,PAN,2019,4.0,96.0,4234698.0,169387.92
Papua New Guinea,PNG,2000,43.0,57.0,5537068.0,2380939.2399999998
Papua New Guinea,PNG,2017,29.936317,70.06368,9178717.0,2747769.81765289
Paraguay,PRY,1992,10.0,90.0,4253608.0,425360.80000000005
Paraguay,PRY,2007,5.0,95.0,5559385.0,277969.25
Paraguay,PRY,2008,7.0,93.0,5613577.0,392950.39
Paraguay,PRY,2009,6.0,94.0,5671243.0,340274.58
Paraguay,PRY,2010,6.0,94.0,5737973.0,344278.38
Paraguay,PRY,2012,6.0,94.0,5897011.0,353820.66
Paraguay,PRY,2013,5.0,95.0,5982447.0,299122.35000000003
Paraguay,PRY,2014,5.0,95.0,6069819.0,303490.95
Paraguay,PRY,2015,4.0,96.0,6159106.0,246364.24
Paraguay,PRY,2016,5.0,95.0,6249129.0,312456.45
Paraguay,PRY,2018,6.0,94.0,6427382.0,385642.92
Paraguay,PRY,2019,7.0,93.0,6515059.0,456054.13000000006
Paraguay,PRY,2020,5.0,95.0,6603741.0,330187.05000000005
Peru,PER,1993,13.0,87.0,23413783.0,3043791.79
Peru,PER,2004,12.0,88.0,27852190.0,3342262.8
Peru,PER,2005,12.0,88.0,28101175.0,3372141.0
Peru,PER,2006,11.0,89.0,28324488.0,3115693.68
Peru,PER,2007,10.0,90.0,28530704.0,2853070.4000000004
Peru,PER,2012,6.0,94.0,29550367.0,1773022.02
Peru,PER,2014,6.0,94.0,30115825.0,1806949.5
Peru,PER,2015,6.0,94.0,30457598.0,1827455.88
Peru,PER,2016,6.0,94.0,30866497.0,1851989.8199999998
Peru,PER,2017,6.0,94.0,31324639.0,1879478.3399999999
Peru,PER,2018,6.0,94.0,31897590.0,1913855.4
Peru,PER,2020,6.0,94.0,32838577.0,1970314.6199999999
Philippines,PHL,1990,6.0,94.0,62854668.0,3771280.08
Philippines,PHL,1994,6.0,94.0,69019297.0,4141157.82
Philippines,PHL,2000,7.0,93.0,79625401.0,5573778.07
Philippines,PHL,2003,7.0,93.0,84731836.0,5931228.5200000005
Philippines,PHL,2008,5.0,95.0,92699091.0,4634954.55
Philippines,PHL,2013,4.0,96.0,102076334.0,4083053.36
Philippines,PHL,2015,2.0,98.0,105312988.0,2106259.7600000002
Philippines,PHL,2019,4.0,96.0,110804685.0,4432187.4
Philippines,PHL,2020,2.0,98.0,112081270.0,2241625.4
Portugal,PRT,1991,12.0,88.0,9969181.0,1196301.72
Portugal,PRT,2011,6.0,94.0,10557050.0,633423.0
Puerto Rico,PRI,1990,10.0,90.0,3541046.0,354104.60000000003
Puerto Rico,PRI,2010,8.0,92.0,3714834.0,297186.72000000003
Puerto Rico,PRI,2017,8.0,92.0,3371878.0,269750.24
Qatar,QAT,1997,17.0,83.0,550511.0,93586.87000000001
Qatar,QAT,2004,11.0,89.0,773341.0,85067.51
Qatar,QAT,2007,7.0,93.0,1208601.0,84602.07
Qatar,QAT,2008,6.0,94.0,1426942.0,85616.52
Qatar,QAT,2009,5.0,95.0,1586052.0,79302.6
Qatar,QAT,2010,4.0,96.0,1709238.0,68369.52
Qatar,QAT,2011,4.0,96.0,1810960.0,72438.40000000001
Qatar,QAT,2012,3.0,97.0,1907122.0,57213.659999999996
Qatar,QAT,2013,3.0,97.0,2032650.0,60979.5
Qatar,QAT,2014,2.0,98.0,2218378.0,44367.56
Romania,ROU,1992,3.0,97.0,22912389.0,687371.6699999999
Romania,ROU,2002,3.0,97.0,21770020.0,653100.6
Romania,ROU,2011,1.0,99.0,20282009.0,202820.09
Romania,ROU,2021,1.0,99.0,19248159.0,192481.59
Russia,RUS,2002,1.0,99.0,145939502.0,1459395.02
Russia,RUS,2010,0.0,100.0,143934468.0,0.0
Russia,RUS,2021,0.0,100.0,145836172.0,0.0
Rwanda,RWA,1991,42.0,58.0,7526964.0,3161324.88
Rwanda,RWA,2000,35.0,65.0,8213936.0,2874877.5999999996
Rwanda,RWA,2012,32.0,68.0,10829904.0,3465569.2800000003
Rwanda,RWA,2014,29.0,71.0,11364758.0,3295779.82
Rwanda,RWA,2018,27.0,73.0,12488000.0,3371760.0
Rwanda,RWA,2020,19.949142,80.05086,13065838.0,2606522.5761099597
Rwanda,RWA,2022,21.0,79.0,13651025.0,2866715.25
Saint Helena,SHN,1998,3.0,97.0,12687083.0,380612.49
Samoa,WSM,1991,2.0,98.0,169378.0,3387.56
Samoa,WSM,2011,1.0,99.0,194726.0,1947.26
Samoa,WSM,2016,1.0,99.0,203509.0,2035.0900000000001
Samoa,WSM,2019,2.0097427,97.99026,209794.0,4216.319600037999
San Marino,SMR,2022,0.0,100.0,34113.0,0.0
Sao Tome And Principe,STP,1991,27.0,73.0,125711.0,33941.97
Sao Tome And Principe,STP,2001,15.0,85.0,146386.0,21957.899999999998
Sao Tome And Principe,STP,2012,10.0,90.0,189452.0,18945.2
Sao Tome And Principe,STP,2019,12.561539,87.43846,213405.0,26806.952302949998
Saudi Arabia,SAU,1992,29.0,71.0,11686682.0,3389137.78
Saudi Arabia,SAU,2000,21.0,79.0,16177733.0,3397323.9299999997
Saudi Arabia,SAU,2004,17.0,83.0,19669486.0,3343812.62
Saudi Arabia,SAU,2013,6.0,94.0,28026825.0,1681609.5
Saudi Arabia,SAU,2017,5.0,95.0,30782400.0,1539120.0
Saudi Arabia,SAU,2020,2.0,98.0,30991206.0,619824.12
Senegal,SEN,2002,61.0,39.0,10466216.0,6384391.76
Senegal,SEN,2006,58.0,42.0,11500094.0,6670054.52
Senegal,SEN,2009,52.0,48.0,12337390.0,6415442.8
Senegal,SEN,2011,48.0,52.0,12958902.0,6220272.96
Senegal,SEN,2013,56.0,44.0,13710857.0,7678079.920000001
Senegal,SEN,2015,56.40727,43.59273,14593335.0,8231701.875454499
Senegal,SEN,2016,53.90036,46.09964,15034517.0,8103658.7872612
Senegal,SEN,2017,48.0,52.0,15475001.0,7428000.4799999995
Senegal,SEN,2018,53.39409,46.60591,15914495.0,8497399.783345498
Senegal,SEN,2019,53.16633,46.83367,16352926.0,8694250.601815801
Senegal,SEN,2023,49.64418,50.35582,18077573.0,8974462.8797514
Serbia,SRB,2003,4.0,96.0,7590946.0,303637.84
Serbia,SRB,2011,2.0,98.0,7364858.0,147297.16
Serbia,SRB,2016,1.0,99.0,7126083.0,71260.83
Serbia,SRB,2019,1.0,99.0,6966155.0,69661.55
Seychelles,SYC,1994,12.0,88.0,77279.0,9273.48
Seychelles,SYC,2002,8.0,92.0,85878.0,6870.24
Seychelles,SYC,2010,6.0,94.0,94993.0,5699.58
Sierra Leone,SLE,2004,65.0,35.0,5355715.0,3481214.75
Sierra Leone,SLE,2017,55.16682,44.83318,7379300.0,4070925.14826
Sierra Leone,SLE,2019,56.42222,43.57778,7731994.0,4362562.6650668
Singapore,SGP,1990,11.0,89.0,3039593.0,334355.23
Singapore,SGP,2000,7.0,93.0,4035251.0,282467.57
Singapore,SGP,2010,4.0,96.0,5077020.0,203080.80000000002
Singapore,SGP,2011,4.0,96.0,5182242.0,207289.68
Singapore,SGP,2012,4.0,96.0,5293345.0,211733.80000000002
Singapore,SGP,2013,3.0,97.0,5385589.0,161567.66999999998
Singapore,SGP,2014,3.0,97.0,5457899.0,163736.97
Singapore,SGP,2015,3.0,97.0,5525343.0,165760.29
Singapore,SGP,2016,3.0,97.0,5577936.0,167338.08
Singapore,SGP,2017,3.0,97.0,5604087.0,168122.61
Singapore,SGP,2018,3.0,97.0,5634366.0,169030.97999999998
Singapore,SGP,2019,3.0,97.0,5669562.0,170086.86
Singapore,SGP,2020,3.0,97.0,5620151.0,168604.53
Singapore,SGP,2021,2.0,98.0,5546291.0,110925.82
Slovenia,SVN,1991,0.0,100.0,1999191.0,0.0
Solomon Islands,SLB,1999,23.0,77.0,430511.0,99017.53
Somalia,SOM,2022,46.0,54.0,17801895.0,8188871.7
South Africa,ZAF,1996,18.0,82.0,45123023.0,8122144.14
South Africa,ZAF,2007,11.0,89.0,50528575.0,5558143.25
South Africa,ZAF,2009,7.0,93.0,51728518.0,3620996.2600000002
South Africa,ZAF,2010,7.0,93.0,52344047.0,3664083.2900000005
South Africa,ZAF,2011,7.0,93.0,52995212.0,3709664.8400000003
South Africa,ZAF,2012,6.0,94.0,53782570.0,3226954.1999999997
South Africa,ZAF,2014,6.0,94.0,55594840.0,3335690.4
South Africa,ZAF,2015,6.0,94.0,56723536.0,3403412.1599999997
South Africa,ZAF,2016,8.262756,91.73724,57259550.0,4731216.903197999
South Africa,ZAF,2017,13.0,87.0,57635158.0,7492570.54
South Africa,ZAF,2019,5.0,95.0,59587880.0,2979394.0
South Africa,ZAF,2021,10.0,90.0,61502602.0,6150260.2
South Asia (Wb),WB_SA,1990,54.64079,45.35921,12687083.0,6932322.379155701
South Asia (Wb),WB_SA,1991,53.91436,46.08564,12687083.0,6840159.6021188
South Asia (Wb),WB_SA,1992,52.91367,47.08633,12687083.0,6713201.2312461
South Asia (Wb),WB_SA,1993,51.91854,48.08146,12687083.0,6586948.2621882
South Asia (Wb),WB_SA,1994,51.15062,48.84938,12687083.0,6489521.614414601
South Asia (Wb),WB_SA,1995,50.35951,49.64049,12687083.0,6389152.832093299
South Asia (Wb),WB_SA,1996,49.5508,50.4492,12687083.0,6286551.123164
South Asia (Wb),WB_SA,1997,48.73983,51.26017,12687083.0,6183662.686158899
South Asia (Wb),WB_SA,1998,43.92044,56.07956,12687083.0,5572222.6767652
South Asia (Wb),WB_SA,1999,43.12369,56.87631,12687083.0,5471138.342962701
South Asia (Wb),WB_SA,2000,42.34942,57.65058,12687083.0,5372906.0654186
South Asia (Wb),WB_SA,2001,41.58694,58.41306,12687083.0,5276169.5949602
South Asia (Wb),WB_SA,2002,40.79687,59.20313,12687083.0,5175932.758302099
South Asia (Wb),WB_SA,2003,39.90422,60.09578,12687083.0,5062681.5119026005
South Asia (Wb),WB_SA,2004,39.12383,60.87617,12687083.0,4963672.784878899
South Asia (Wb),WB_SA,2005,39.32633,60.67367,12687083.0,4989364.1279539
South Asia (Wb),WB_SA,2006,39.15124,60.84876,12687083.0,4967150.3143292
South Asia (Wb),WB_SA,2007,38.31608,61.68392,12687083.0,4861192.8719464
South Asia (Wb),WB_SA,2008,37.4037,62.5963,12687083.0,4745438.464071
South Asia (Wb),WB_SA,2009,36.54199,63.45801,12687083.0,4636112.601151699
South Asia (Wb),WB_SA,2010,33.97104,66.02896,12687083.0,4309934.0407632
South Asia (Wb),WB_SA,2011,33.37014,66.62986,12687083.0,4233697.3590162
South Asia (Wb),WB_SA,2012,33.32341,66.67659,12687083.0,4227768.6851303
South Asia (Wb),WB_SA,2013,32.294243,67.70576,12687083.0,4097197.41363169
South Asia (Wb),WB_SA,2014,31.544838,68.45516,12687083.0,4002119.77927554
South Asia (Wb),WB_SA,2015,30.21785,69.78215,12687083.0,3833763.7103154995
South Asia (Wb),WB_SA,2016,28.894218,71.10578,12687083.0,3665833.41986094
South Asia (Wb),WB_SA,2017,28.332169,71.66783,12687083.0,3594525.79673027
South Asia (Wb),WB_SA,2018,27.807938,72.19206,12687083.0,3528016.1746485396
South Asia (Wb),WB_SA,2019,28.033974,71.96603,12687083.0,3556693.54957842
South Asia (Wb),WB_SA,2020,27.31681,72.68319,12687083.0,3465706.3576523005
South Asia (Wb),WB_SA,2021,26.520988,73.47901,12687083.0,3364739.75998004
South Asia (Wb),WB_SA,2022,25.734734,74.26527,12687083.0,3264987.06240922
South Asia (Wb),WB_SA,2023,24.99115,75.00885,12687083.0,3170647.9431545003
South Korea,KOR,2008,2.0,98.0,48356485.0,967129.7000000001
South Sudan,SSD,2008,73.0,27.0,12687083.0,9261570.59
Spain,ESP,1991,4.0,96.0,39201750.0,1568070.0
Spain,ESP,2004,3.0,97.0,43234562.0,1297036.8599999999
Spain,ESP,2005,2.0,98.0,43958883.0,879177.66
Spain,ESP,2006,2.0,98.0,44695446.0,893908.92
Spain,ESP,2007,2.0,98.0,45516501.0,910330.02
Spain,ESP,2008,2.0,98.0,46235055.0,924701.1
Spain,ESP,2009,2.0,98.0,46635182.0,932703.64
Spain,ESP,2010,2.0,98.0,46840469.0,936809.38
Spain,ESP,2011,2.0,98.0,46998040.0,939960.8
Spain,ESP,2012,2.0,98.0,47018323.0,940366.46
Spain,ESP,2013,2.0,98.0,46860394.0,937207.88
Spain,ESP,2014,2.0,98.0,46720187.0,934403.74
Spain,ESP,2015,2.0,98.0,46683683.0,933673.66
Spain,ESP,2016,2.0,98.0,46732768.0,934655.36
Spain,ESP,2018,2.0,98.0,47092817.0,941856.34
Spain,ESP,2020,1.0,99.0,47679482.0,476794.82
Spain,ESP,2021,0.0,100.0,47735670.0,0.0
Sri Lanka,LKA,2001,9.0,91.0,19600361.0,1764032.49
Sri Lanka,LKA,2006,9.0,91.0,20352416.0,1831717.44
Sri Lanka,LKA,2008,9.0,91.0,20629377.0,1856643.93
Sri Lanka,LKA,2010,9.0,91.0,20879092.0,1879118.28
Sri Lanka,LKA,2016,8.0,92.0,21910763.0,1752861.04
Sri Lanka,LKA,2017,8.0,92.0,22087525.0,1767002.0
Sri Lanka,LKA,2018,8.0,92.0,22253116.0,1780249.28
Sri Lanka,LKA,2019,8.0,92.0,22410552.0,1792844.1600000001
Sri Lanka,LKA,2020,8.0,92.0,22561808.0,1804944.6400000001
Sri Lanka,LKA,2021,8.0,92.0,22700377.0,1816030.1600000001
Sri Lanka,LKA,2022,8.0,92.0,22834965.0,1826797.2
Sri Lanka,LKA,2023,7.0,93.0,22971615.0,1608013.05
Sub-Saharan Africa (Sdg),OWID_WRL,1990,47.88726,52.11274,12687083.0,6075496.4226258
Sub-Saharan Africa (Sdg),OWID_WRL,1991,47.52408,52.47592,12687083.0,6029419.474586399
Sub-Saharan Africa (Sdg),OWID_WRL,1992,47.02835,52.97165,12687083.0,5966525.7980305
Sub-Saharan Africa (Sdg),OWID_WRL,1993,46.4234,53.5766,12687083.0,5889775.289422001
Sub-Saharan Africa (Sdg),OWID_WRL,1994,45.79638,54.20362,12687083.0,5810224.7415954
Sub-Saharan Africa (Sdg),OWID_WRL,1995,45.36831,54.63169,12687083.0,5755915.1453973
Sub-Saharan Africa (Sdg),OWID_WRL,1996,44.73172,55.26828,12687083.0,5675150.4437276
Sub-Saharan Africa (Sdg),OWID_WRL,1997,43.90442,56.09558,12687083.0,5570190.2060686
Sub-Saharan Africa (Sdg),OWID_WRL,1998,43.24914,56.75086,12687083.0,5487054.288586199
Sub-Saharan Africa (Sdg),OWID_WRL,1999,42.40516,57.59484,12687083.0,5379977.8454828
Sub-Saharan Africa (Sdg),OWID_WRL,2000,43.6094,56.3906,12687083.0,5532760.773802
Sub-Saharan Africa (Sdg),OWID_WRL,2001,42.85035,57.14965,12687083.0,5436459.4702905
Sub-Saharan Africa (Sdg),OWID_WRL,2002,42.14705,57.85295,12687083.0,5347231.2155515
Sub-Saharan Africa (Sdg),OWID_WRL,2003,41.63486,58.36514,12687083.0,5282249.2451338
Sub-Saharan Africa (Sdg),OWID_WRL,2004,40.95912,59.04088,12687083.0,5196517.5504696
Sub-Saharan Africa (Sdg),OWID_WRL,2005,41.28656,58.71344,12687083.0,5238060.1350448
Sub-Saharan Africa (Sdg),OWID_WRL,2006,41.58274,58.41726,12687083.0,5275636.7374742
Sub-Saharan Africa (Sdg),OWID_WRL,2007,41.82421,58.17579,12687083.0,5306272.2367943
Sub-Saharan Africa (Sdg),OWID_WRL,2008,41.51771,58.48229,12687083.0,5267386.3273993
Sub-Saharan Africa (Sdg),OWID_WRL,2009,41.05862,58.94138,12687083.0,5209141.1980546
Sub-Saharan Africa (Sdg),OWID_WRL,2010,40.38487,59.61513,12687083.0,5123661.9763421
Sub-Saharan Africa (Sdg),OWID_WRL,2011,38.86994,61.13006,12687083.0,4931461.549850199
Sub-Saharan Africa (Sdg),OWID_WRL,2012,37.6212,62.3788,12687083.0,4773032.869596
Sub-Saharan Africa (Sdg),OWID_WRL,2013,36.76609,63.23391,12687083.0,4664544.3541546995
Sub-Saharan Africa (Sdg),OWID_WRL,2014,36.07675,63.92325,12687083.0,4577087.216202499
Sub-Saharan Africa (Sdg),OWID_WRL,2015,35.47985,64.52015,12687083.0,4501358.0177755
Sub-Saharan Africa (Sdg),OWID_WRL,2016,34.893883,65.10612,12687083.0,4427015.89813289
Sub-Saharan Africa (Sdg),OWID_WRL,2017,34.55497,65.44503,12687083.0,4384017.7245251
Sub-Saharan Africa (Sdg),OWID_WRL,2018,32.932663,67.06734,12687083.0,4178194.2889202894
Sub-Saharan Africa (Sdg),OWID_WRL,2019,32.28179,67.71821,12687083.0,4095617.4911857
Sub-Saharan Africa (Sdg),OWID_WRL,2020,32.092796,67.9072,12687083.0,4071639.6655406803
Sub-Saharan Africa (Sdg),OWID_WRL,2021,32.101387,67.89861,12687083.0,4072729.6128412103
Sub-Saharan Africa (Sdg),OWID_WRL,2022,31.7687,68.2313,12687083.0,4030521.3370209998
Sub-Saharan Africa (Sdg),OWID_WRL,2023,31.497803,68.5022,12687083.0,3996152.4097864903
Sub-Saharan Africa (Wb),WB_SSA,1990,47.69314,52.30686,12687083.0,6050868.2571062
Sub-Saharan Africa (Wb),WB_SSA,1991,47.34836,52.65164,12687083.0,6007125.7323388
Sub-Saharan Africa (Wb),WB_SSA,1992,46.87456,53.12544,12687083.0,5947014.3330848
Sub-Saharan Africa (Wb),WB_SSA,1993,46.2932,53.7068,12687083.0,5873256.707356
Sub-Saharan Africa (Wb),WB_SSA,1994,45.69079,54.30921,12687083.0,5796828.4506557
Sub-Saharan Africa (Wb),WB_SSA,1995,45.27845,54.72155,12687083.0,5744514.5326135
Sub-Saharan Africa (Wb),WB_SSA,1996,44.62188,55.37812,12687083.0,5661214.9517604
Sub-Saharan Africa (Wb),WB_SSA,1997,43.78176,56.21824,12687083.0,5554628.2300608
Sub-Saharan Africa (Wb),WB_SSA,1998,43.10839,56.89161,12687083.0,5469197.2192637
Sub-Saharan Africa (Wb),WB_SSA,1999,42.25474,57.74526,12687083.0,5360893.935234199
Sub-Saharan Africa (Wb),WB_SSA,2000,43.37245,56.62755,12687083.0,5502698.7306335
Sub-Saharan Africa (Wb),WB_SSA,2001,42.59986,57.40014,12687083.0,5404679.5960838
Sub-Saharan Africa (Wb),WB_SSA,2002,41.88409,58.11591,12687083.0,5313869.2620947
Sub-Saharan Africa (Wb),WB_SSA,2003,41.3541,58.6459,12687083.0,5246628.990903
Sub-Saharan Africa (Wb),WB_SSA,2004,40.66668,59.33332,12687083.0,5159415.4449444
Sub-Saharan Africa (Wb),WB_SSA,2005,40.94321,59.05679,12687083.0,5194499.035564301
Sub-Saharan Africa (Wb),WB_SSA,2006,41.83189,58.16811,12687083.0,5307246.6047687
Sub-Saharan Africa (Wb),WB_SSA,2007,42.03662,57.96338,12687083.0,5333220.8697946
Sub-Saharan Africa (Wb),WB_SSA,2008,41.71435,58.28565,12687083.0,5292334.2074105
Sub-Saharan Africa (Wb),WB_SSA,2009,41.24289,58.75711,12687083.0,5232519.685898701
Sub-Saharan Africa (Wb),WB_SSA,2010,40.56746,59.43254,12687083.0,5146827.3211918
Sub-Saharan Africa (Wb),WB_SSA,2011,39.08286,60.91714,12687083.0,4958474.886973799
Sub-Saharan Africa (Wb),WB_SSA,2012,37.85399,62.14601,12687083.0,4802567.130111701
Sub-Saharan Africa (Wb),WB_SSA,2013,37.00359,62.99641,12687083.0,4694676.1762797
Sub-Saharan Africa (Wb),WB_SSA,2014,36.31276,63.68724,12687083.0,4607030.0007908
Sub-Saharan Africa (Wb),WB_SSA,2015,35.712486,64.28751,12687083.0,4530872.7401833795
Sub-Saharan Africa (Wb),WB_SSA,2016,35.121742,64.87826,12687083.0,4455924.55858586
Sub-Saharan Africa (Wb),WB_SSA,2017,34.7697,65.2303,12687083.0,4411260.697850999
Sub-Saharan Africa (Wb),WB_SSA,2018,33.183434,66.81657,12687083.0,4210009.81383022
Sub-Saharan Africa (Wb),WB_SSA,2019,32.55835,67.44165,12687083.0,4130704.8879304994
Sub-Saharan Africa (Wb),WB_SSA,2020,32.376213,67.62379,12687083.0,4107597.0155667895
Sub-Saharan Africa (Wb),WB_SSA,2021,32.384323,67.61568,12687083.0,4108625.9379980904
Sub-Saharan Africa (Wb),WB_SSA,2022,32.06427,67.93573,12687083.0,4068020.5482441
Sub-Saharan Africa (Wb),WB_SSA,2023,31.803757,68.19624,12687083.0,4034969.0477083097
Sudan,SDN,2000,39.0,61.0,27816748.0,10848531.72
Sudan,SDN,2008,46.0,54.0,33623980.0,15467030.8
Suriname,SUR,2004,10.0,90.0,513928.0,51392.8
Suriname,SUR,2008,5.0,95.0,537252.0,26862.600000000002
Suriname,SUR,2010,5.0,95.0,549931.0,27496.550000000003
Suriname,SUR,2012,7.0,93.0,562640.0,39384.8
Syria,SYR,2002,17.0,83.0,17468335.0,2969616.95
Syria,SYR,2004,19.0,81.0,18336879.0,3484007.0100000002
Syria,SYR,2021,6.0,94.0,21628837.0,1297730.22
Tajikistan,TJK,2000,1.0,99.0,6284737.0,62847.37
Tanzania,TZA,2002,31.0,69.0,36121301.0,11197603.31
Tanzania,TZA,2012,22.0,78.0,47374261.0,10422337.42
Tanzania,TZA,2015,22.0,78.0,52020958.0,11444610.76
Thailand,THA,2000,7.0,93.0,63007815.0,4410547.050000001
Thailand,THA,2005,6.0,94.0,66017415.0,3961044.9
Thailand,THA,2010,4.0,96.0,68579443.0,2743177.72
Thailand,THA,2013,6.0,94.0,69845112.0,4190706.7199999997
Thailand,THA,2015,7.0,93.0,70540787.0,4937855.090000001
Thailand,THA,2016,8.0186,91.9814,70859835.0,5681966.729309999
Thailand,THA,2018,6.0,94.0,71376081.0,4282564.859999999
Thailand,THA,2019,8.73085,91.26915,71522264.0,6244501.586444
Thailand,THA,2022,8.900131,91.09987,71735321.0,6384537.54227051
Togo,TGO,2000,47.0,53.0,4783721.0,2248348.8699999996
Togo,TGO,2006,43.0,57.0,5569659.0,2394953.37
Togo,TGO,2009,43.0,57.0,6130944.0,2636305.92
Togo,TGO,2011,40.0,60.0,6500577.0,2600230.8000000003
Togo,TGO,2015,36.0,64.0,7071500.0,2545740.0
Togo,TGO,2019,33.0,67.0,7619916.0,2514572.2800000003
Togo,TGO,2022,27.404114,72.59589,8068616.0,2211132.72686224
Tonga,TON,1996,1.0,99.0,100294.0,1002.94
Tonga,TON,2006,1.0,99.0,106266.0,1062.66
Tonga,TON,2011,1.0,99.0,107584.0,1075.84
Tonga,TON,2016,3.0,97.0,105536.0,3166.08
Tonga,TON,2019,8.9483795,91.05162,105688.0,9457.36332596
Trinidad And Tobago,TTO,1990,3.0,97.0,1252215.0,37566.45
Tunisia,TUN,2004,26.0,74.0,10166170.0,2643204.2
Tunisia,TUN,2007,23.0,77.0,10441705.0,2401592.15
Tunisia,TUN,2008,22.0,78.0,10542637.0,2319380.14
Tunisia,TUN,2010,21.0,79.0,10765984.0,2260856.64
Tunisia,TUN,2011,20.0,80.0,10886041.0,2177208.2
Tunisia,TUN,2012,20.0,80.0,11009649.0,2201929.8000000003
Tunisia,TUN,2014,21.0,79.0,11274295.0,2367601.9499999997
Tunisia,TUN,2018,20.524887,79.47511,11765515.0,2414858.65871805
Tunisia,TUN,2019,19.0,81.0,11875084.0,2256265.96
Tunisia,TUN,2021,16.317368,83.68263,12048625.0,1966018.4801899998
Tunisia,TUN,2023,13.753181,86.24682,12200434.0,1677947.77080554
Turkey,TUR,1990,21.0,79.0,56015627.0,11763281.67
Turkey,TUR,2004,13.0,87.0,68592621.0,8917040.73
Turkey,TUR,2005,12.0,88.0,69329557.0,8319546.84
Turkey,TUR,2006,12.0,88.0,70045351.0,8405442.12
Turkey,TUR,2007,11.0,89.0,70750593.0,7782565.23
Turkey,TUR,2009,9.0,91.0,72464846.0,6521836.14
Turkey,TUR,2010,7.0,93.0,73346766.0,5134273.62
Turkey,TUR,2011,6.0,94.0,74215203.0,4452912.18
Turkey,TUR,2012,5.0,95.0,75197196.0,3759859.8000000003
Turkey,TUR,2013,5.0,95.0,76403032.0,3820151.6
Turkey,TUR,2014,5.0,95.0,78036154.0,3901807.7
Turkey,TUR,2015,4.0,96.0,80014222.0,3200568.88
Turkey,TUR,2016,4.0,96.0,81652087.0,3266083.48
Turkey,TUR,2017,4.0,96.0,83083667.0,3323346.68
Turkey,TUR,2019,3.0,97.0,85357670.0,2560730.1
Turkey,TUR,2021,3.0,97.0,86686254.0,2600587.62
Turkmenistan,TKM,1995,1.0,99.0,4191207.0,41912.07
Uganda,UGA,1991,44.0,56.0,18155901.0,7988596.44
Uganda,UGA,2002,32.0,68.0,25532872.0,8170519.04
Uganda,UGA,2006,29.0,71.0,28794005.0,8350261.449999999
Uganda,UGA,2010,27.0,73.0,32390801.0,8745516.270000001
Uganda,UGA,2012,30.0,70.0,34337436.0,10301230.799999999
Uganda,UGA,2016,30.898682,69.10132,38799153.0,11988426.90416346
Ukraine,UKR,2001,1.0,99.0,49106854.0,491068.54000000004
United Arab Emirates,ARE,2005,10.0,90.0,4664797.0,466479.7
United Arab Emirates,ARE,2019,2.0,98.0,9377855.0,187557.1
United Arab Emirates,ARE,2021,2.0,98.0,9789055.0,195781.1
United Arab Emirates,ARE,2022,2.0,98.0,10242085.0,204841.7
United Arab Emirates,ARE,2023,2.0,98.0,10642089.0,212841.78
Upper-Middle-Income Countries,OWID_UMC,1990,18.958862,81.04114,2133212546.0,404432822.7628265
Upper-Middle-Income Countries,OWID_UMC,1991,18.41349,81.58651,2167382314.0,399090725.6501586
Upper-Middle-Income Countries,OWID_UMC,1992,17.842422,82.15758,2197406055.0,392070461.3866521
Upper-Middle-Income Countries,OWID_UMC,1993,17.302101,82.6979,2225369861.0,385035740.9737796
Upper-Middle-Income Countries,OWID_UMC,1994,16.768578,83.23142,2251652283.0,377570069.3636358
Upper-Middle-Income Countries,OWID_UMC,1995,16.198761,83.80124,2277401663.0,368910852.39939547
Upper-Middle-Income Countries,OWID_UMC,1996,15.687309,84.31269,2302891501.0,361261705.6966081
Upper-Middle-Income Countries,OWID_UMC,1997,11.283203,88.7168,2327613637.0,262629371.71839312
Upper-Middle-Income Countries,OWID_UMC,1998,10.882301,89.1177,2351662004.0,255914937.77791202
Upper-Middle-Income Countries,OWID_UMC,1999,10.523552,89.47645,2375149846.0,249950129.1217299
Upper-Middle-Income Countries,OWID_UMC,2000,10.123329,89.87667,2398658002.0,242824041.12728658
Upper-Middle-Income Countries,OWID_UMC,2001,9.803581,90.19642,2421698836.0,237413206.96331716
Upper-Middle-Income Countries,OWID_UMC,2002,9.458611,90.54139,2443169936.0,231089940.31518897
Upper-Middle-Income Countries,OWID_UMC,2003,9.018173,90.98183,2464250116.0,222230338.6135807
Upper-Middle-Income Countries,OWID_UMC,2004,8.6763,91.3237,2485797097.0,215675213.52701098
Upper-Middle-Income Countries,OWID_UMC,2005,8.41584,91.58416,2507751547.0,211048357.79304478
Upper-Middle-Income Countries,OWID_UMC,2006,8.131828,91.86817,2529346002.0,205682066.40751657
Upper-Middle-Income Countries,OWID_UMC,2007,7.122711,92.87729,2550034553.0,181631591.61033183
Upper-Middle-Income Countries,OWID_UMC,2008,6.691139,93.30886,2571616096.0,172070407.52973345
Upper-Middle-Income Countries,OWID_UMC,2009,6.5949707,93.40503,2594532094.0,171108631.40139645
Upper-Middle-Income Countries,OWID_UMC,2010,6.390808,93.60919,2617657240.0,167289448.30649918
Upper-Middle-Income Countries,OWID_UMC,2011,6.249893,93.75011,2640400163.0,165022184.95932558
Upper-Middle-Income Countries,OWID_UMC,2012,6.0026093,93.99739,2664517398.0,159940569.132466
Upper-Middle-Income Countries,OWID_UMC,2013,5.9348373,94.06516,2689585465.0,159622521.39219844
Upper-Middle-Income Countries,OWID_UMC,2014,5.5831604,94.41684,2713983279.0,151526039.69574952
Upper-Middle-Income Countries,OWID_UMC,2015,5.4606476,94.53935,2737646890.0,149493249.19525963
Upper-Middle-Income Countries,OWID_UMC,2016,5.238838,94.76116,2759890904.0,144586213.43729553
Upper-Middle-Income Countries,OWID_UMC,2017,5.2283173,94.77168,2781778743.0,145440219.2679915
Upper-Middle-Income Countries,OWID_UMC,2018,5.0739822,94.92602,2801804568.0,142163065.0591069
Upper-Middle-Income Countries,OWID_UMC,2019,4.786087,95.21391,2818594893.0,134900403.7565369
Upper-Middle-Income Countries,OWID_UMC,2020,4.6795197,95.32048,2832101028.0,132528725.52916253
Upper-Middle-Income Countries,OWID_UMC,2021,4.6469193,95.35308,2841892610.0,132060456.17936374
Upper-Middle-Income Countries,OWID_UMC,2022,4.504631,95.49537,2847730001.0,128279728.4213463
Upper-Middle-Income Countries,OWID_UMC,2023,4.380478,95.61952,2852870890.0,124969381.7048542
Uruguay,URY,1996,3.0,97.0,3206329.0,96189.87
Uruguay,URY,2006,2.0,98.0,3289508.0,65790.16
Uruguay,URY,2007,2.0,98.0,3295155.0,65903.1
Uruguay,URY,2008,2.0,98.0,3302184.0,66043.68000000001
Uruguay,URY,2009,2.0,98.0,3310093.0,66201.86
Uruguay,URY,2010,2.0,98.0,3318581.0,66371.62
Uruguay,URY,2011,2.0,98.0,3326829.0,66536.58
Uruguay,URY,2012,2.0,98.0,3335406.0,66708.12
Uruguay,URY,2013,2.0,98.0,3345335.0,66906.7
Uruguay,URY,2014,2.0,98.0,3356343.0,67126.86
Uruguay,URY,2015,1.0,99.0,3368022.0,33680.22
Uruguay,URY,2016,1.0,99.0,3379279.0,33792.79
Uruguay,URY,2017,1.0,99.0,3388444.0,33884.44
Uruguay,URY,2018,1.0,99.0,3394538.0,33945.38
Uruguay,URY,2019,1.0,99.0,3397206.0,33972.06
Uruguay,URY,2022,1.0,99.0,3390913.0,33909.13
Uzbekistan,UZB,2000,1.0,99.0,24787052.0,247870.52000000002
Uzbekistan,UZB,2013,0.0,100.0,29724065.0,0.0
Uzbekistan,UZB,2014,0.0,100.0,30222994.0,0.0
Uzbekistan,UZB,2015,0.0,100.0,30749349.0,0.0
Uzbekistan,UZB,2016,0.0,100.0,31284565.0,0.0
Uzbekistan,UZB,2018,0.0,100.0,32373489.0,0.0
Uzbekistan,UZB,2019,0.0,100.0,32964700.0,0.0
Uzbekistan,UZB,2021,0.0,100.0,34243696.0,0.0
Uzbekistan,UZB,2022,0.0,100.0,34938953.0,0.0
Vanuatu,VUT,1999,26.0,74.0,182056.0,47334.560000000005
Vanuatu,VUT,2023,12.0396805,87.96032,320422.0,38577.78505171
Venezuela,VEN,1990,10.0,90.0,12687083.0,1268708.3
Venezuela,VEN,2001,7.0,93.0,12687083.0,888095.81
Venezuela,VEN,2007,5.0,95.0,12687083.0,634354.15
Venezuela,VEN,2009,4.0,96.0,12687083.0,507483.32
Venezuela,VEN,2011,5.0,95.0,12687083.0,634354.15
Venezuela,VEN,2015,3.0,97.0,12687083.0,380612.49
Venezuela,VEN,2016,3.0,97.0,12687083.0,380612.49
Vietnam,VNM,1999,10.0,90.0,76287454.0,7628745.4
Vietnam,VNM,2000,10.0,90.0,77154016.0,7715401.600000001
Vietnam,VNM,2009,6.0,94.0,86460023.0,5187601.38
Vietnam,VNM,2019,4.0,96.0,97173778.0,3886951.12
Vietnam,VNM,2022,4.0,96.0,99680656.0,3987226.24
World,OWID_WRL,1990,25.09298,74.90702,12687083.0,3183567.1997733996
World,OWID_WRL,1991,24.713493,75.28651,12687083.0,3135421.36910919
World,OWID_WRL,1992,24.30568,75.69432,12687083.0,3083681.7953144
World,OWID_WRL,1993,23.897552,76.10245,12687083.0,3031902.25720816
World,OWID_WRL,1994,23.498528,76.50147,12687083.0,2981277.75113824
World,OWID_WRL,1995,23.08815,76.91185,12687083.0,2929212.7536645
World,OWID_WRL,1996,22.703682,77.29632,12687083.0,2880434.97939606
World,OWID_WRL,1997,20.711563,79.28844,12687083.0,2627693.1884072903
World,OWID_WRL,1998,19.531303,80.4687,12687083.0,2477952.62259149
World,OWID_WRL,1999,19.194,80.806,12687083.0,2435158.71102
World,OWID_WRL,2000,19.020767,80.97923,12687083.0,2413180.49652661
World,OWID_WRL,2001,18.71399,81.28601,12687083.0,2374259.4439117
World,OWID_WRL,2002,18.35981,81.64019,12687083.0,2329324.3333423
World,OWID_WRL,2003,17.885712,82.11429,12687083.0,2269175.12658096
World,OWID_WRL,2004,17.55272,82.44728,12687083.0,2226928.1551576
World,OWID_WRL,2005,17.545242,82.45476,12687083.0,2225979.4150908594
World,OWID_WRL,2006,17.574707,82.42529,12687083.0,2229717.66409681
World,OWID_WRL,2007,16.988152,83.01185,12687083.0,2155300.94440616
World,OWID_WRL,2008,16.614449,83.38555,12687083.0,2107888.93462267
World,OWID_WRL,2009,16.391289,83.60871,12687083.0,2079576.4401998702
World,OWID_WRL,2010,15.772797,84.2272,12687083.0,2001107.84681151
World,OWID_WRL,2011,15.58918,84.41082,12687083.0,1977812.2056194
World,OWID_WRL,2012,15.398582,84.60142,12687083.0,1953630.8791630599
World,OWID_WRL,2013,15.09687,84.90313,12687083.0,1915352.4273020998
World,OWID_WRL,2014,14.713577,85.28642,12687083.0,1866723.72625891
World,OWID_WRL,2015,14.321091,85.67891,12687083.0,1816928.70167553
World,OWID_WRL,2016,13.999863,86.00014,12687083.0,1776174.2386962897
World,OWID_WRL,2017,13.822968,86.17703,12687083.0,1753731.4232234398
World,OWID_WRL,2018,13.562492,86.43751,12687083.0,1720684.61690836
World,OWID_WRL,2019,13.452057,86.54794,12687083.0,1706673.63679731
World,OWID_WRL,2020,13.252518,86.74748,12687083.0,1681357.9582499398
World,OWID_WRL,2021,13.072456,86.92754,12687083.0,1658513.3428584803
World,OWID_WRL,2022,12.844643,87.15536,12687083.0,1629610.51846369
World,OWID_WRL,2023,12.643967,87.35603,12687083.0,1604150.58778261
Yemen,YEM,1994,63.0,37.0,12687083.0,7992862.29
Zambia,ZMB,1990,35.0,65.0,7786163.0,2725157.05
Zambia,ZMB,1999,32.0,68.0,9740013.0,3116804.16
Zambia,ZMB,2002,31.0,69.0,10647955.0,3300866.05
Zambia,ZMB,2010,17.0,83.0,13965592.0,2374150.64
Zambia,ZMB,2018,28.867699,71.1323,17973574.0,5188557.241862261
Zimbabwe,ZWE,1992,16.0,84.0,10702697.0,1712431.52
Zimbabwe,ZWE,2019,6.7724533,93.22755,15271377.0,1034246.8755919408
